day,roomId,areaNum,pos
0,6,0,(31:8)
0,12,0,(30:6)
0,8,0,(28:4)
0,5,0,(32:2)
0,14,0,(23:0)
0,9,0,(19:1)
0,0,0,(9:0)
0,7,0,(14:3)
0,19,0,(19:8)
0,11,0,(20:9)
0,2,0,(16:14)
0,4,0,(13:15)
0,1,0,(10:14)
0,15,0,(7:13)
0,18,0,(7:5)
0,17,0,(8:8)
0,13,0,(0:9)
0,16,0,(3:24)
0,10,0,(13:24)
0,3,0,(14:17)
1,55,2,(61:34)
1,59,2,(71:33)
1,48,2,(71:36)
1,46,2,(65:37)
1,57,2,(66:42)
1,54,2,(63:51)
1,45,2,(67:53)
1,43,2,(73:53)
1,40,2,(73:69)
1,52,2,(70:72)
1,49,2,(61:61)
1,58,2,(61:64)
1,56,2,(56:64)
1,41,2,(54:70)
1,51,2,(55:61)
1,44,2,(55:56)
1,53,2,(56:52)
1,50,2,(53:49)
1,42,2,(54:43)
1,47,2,(55:40)
2,33,1,(41:26)
2,28,1,(41:24)
2,21,1,(48:22)
2,37,1,(49:20)
2,31,1,(51:10)
2,27,1,(51:7)
2,39,1,(44:1)
2,24,1,(46:0)
2,35,1,(47:0)
2,26,1,(69:6)
2,34,1,(70:12)
2,29,1,(70:18)
2,23,1,(69:18)
2,30,1,(64:16)
2,22,1,(64:24)
2,32,1,(62:22)
2,25,1,(58:21)
2,38,1,(58:15)
2,36,1,(53:18)
2,20,1,(53:23)
3,97,4,(6:36)
3,96,4,(8:42)
3,92,4,(9:44)
3,80,4,(3:45)
3,89,4,(1:51)
3,99,4,(6:55)
3,98,4,(4:55)
3,81,4,(1:65)
3,88,4,(3:66)
3,93,4,(12:72)
3,94,4,(6:72)
3,86,4,(1:72)
3,90,4,(2:68)
3,87,4,(5:68)
3,85,4,(8:60)
3,83,4,(13:53)
3,82,4,(14:53)
3,91,4,(15:53)
3,84,4,(17:48)
3,95,4,(20:45)
4,65,3,(29:37)
4,68,3,(28:34)
4,74,3,(33:40)
4,62,3,(38:43)
4,75,3,(32:45)
4,63,3,(29:51)
4,67,3,(34:62)
4,79,3,(31:66)
4,72,3,(31:72)
4,64,3,(45:70)
4,76,3,(40:65)
4,77,3,(42:58)
4,70,3,(39:51)
4,73,3,(40:50)
4,71,3,(42:46)
4,61,3,(46:50)
4,78,3,(46:35)
4,66,3,(41:34)
4,69,3,(39:40)
4,60,3,(37:37)
5,6,0,(31:8)
5,12,0,(30:6)
5,5,0,(32:2)
5,8,0,(28:4)
5,14,0,(23:0)
5,9,0,(19:1)
5,7,0,(14:3)
5,19,0,(19:8)
5,11,0,(20:9)
5,2,0,(16:14)
5,3,0,(14:17)
5,4,0,(13:15)
5,1,0,(10:14)
5,15,0,(7:13)
5,17,0,(8:8)
5,0,0,(9:0)
5,18,0,(7:5)
5,13,0,(0:9)
5,16,0,(3:24)
5,10,0,(13:24)
6,55,2,(61:34)
6,59,2,(71:33)
6,48,2,(71:36)
6,46,2,(65:37)
6,57,2,(66:42)
6,54,2,(63:51)
6,45,2,(67:53)
6,43,2,(73:53)
6,40,2,(73:69)
6,52,2,(70:72)
6,41,2,(54:70)
6,51,2,(55:61)
6,49,2,(61:61)
6,58,2,(61:64)
6,56,2,(56:64)
6,44,2,(55:56)
6,53,2,(56:52)
6,50,2,(53:49)
6,42,2,(54:43)
6,47,2,(55:40)
7,33,1,(41:26)
7,28,1,(41:24)
7,21,1,(48:22)
7,37,1,(49:20)
7,38,1,(58:15)
7,30,1,(64:16)
7,26,1,(69:6)
7,34,1,(70:12)
7,29,1,(70:18)
7,23,1,(69:18)
7,22,1,(64:24)
7,32,1,(62:22)
7,25,1,(58:21)
7,20,1,(53:23)
7,36,1,(53:18)
7,31,1,(51:10)
7,27,1,(51:7)
7,35,1,(47:0)
7,24,1,(46:0)
7,39,1,(44:1)
8,97,4,(6:36)
8,96,4,(8:42)
8,92,4,(9:44)
8,80,4,(3:45)
8,89,4,(1:51)
8,98,4,(4:55)
8,99,4,(6:55)
8,83,4,(13:53)
8,82,4,(14:53)
8,91,4,(15:53)
8,85,4,(8:60)
8,87,4,(5:68)
8,88,4,(3:66)
8,81,4,(1:65)
8,90,4,(2:68)
8,86,4,(1:72)
8,94,4,(6:72)
8,93,4,(12:72)
8,84,4,(17:48)
8,95,4,(20:45)
9,60,3,(37:37)
9,66,3,(41:34)
9,78,3,(46:35)
9,69,3,(39:40)
9,74,3,(33:40)
9,68,3,(28:34)
9,65,3,(29:37)
9,75,3,(32:45)
9,63,3,(29:51)
9,70,3,(39:51)
9,67,3,(34:62)
9,79,3,(31:66)
9,72,3,(31:72)
9,64,3,(45:70)
9,76,3,(40:65)
9,77,3,(42:58)
9,73,3,(40:50)
9,61,3,(46:50)
9,71,3,(42:46)
9,62,3,(38:43)
10,10,0,(13:24)
10,3,0,(14:17)
10,4,0,(13:15)
10,1,0,(10:14)
10,15,0,(7:13)
10,16,0,(3:24)
10,13,0,(0:9)
10,17,0,(8:8)
10,18,0,(7:5)
10,0,0,(9:0)
10,7,0,(14:3)
10,2,0,(16:14)
10,11,0,(20:9)
10,19,0,(19:8)
10,9,0,(19:1)
10,14,0,(23:0)
10,5,0,(32:2)
10,8,0,(28:4)
10,12,0,(30:6)
10,6,0,(31:8)
11,42,2,(54:43)
11,47,2,(55:40)
11,55,2,(61:34)
11,59,2,(71:33)
11,48,2,(71:36)
11,46,2,(65:37)
11,57,2,(66:42)
11,54,2,(63:51)
11,45,2,(67:53)
11,43,2,(73:53)
11,40,2,(73:69)
11,52,2,(70:72)
11,41,2,(54:70)
11,51,2,(55:61)
11,56,2,(56:64)
11,58,2,(61:64)
11,49,2,(61:61)
11,44,2,(55:56)
11,53,2,(56:52)
11,50,2,(53:49)
12,33,1,(41:26)
12,21,1,(48:22)
12,37,1,(49:20)
12,36,1,(53:18)
12,31,1,(51:10)
12,27,1,(51:7)
12,35,1,(47:0)
12,24,1,(46:0)
12,39,1,(44:1)
12,26,1,(69:6)
12,34,1,(70:12)
12,29,1,(70:18)
12,23,1,(69:18)
12,30,1,(64:16)
12,22,1,(64:24)
12,32,1,(62:22)
12,25,1,(58:21)
12,38,1,(58:15)
12,20,1,(53:23)
12,28,1,(41:24)
13,95,4,(20:45)
13,84,4,(17:48)
13,91,4,(15:53)
13,82,4,(14:53)
13,83,4,(13:53)
13,85,4,(8:60)
13,93,4,(12:72)
13,94,4,(6:72)
13,87,4,(5:68)
13,90,4,(2:68)
13,86,4,(1:72)
13,81,4,(1:65)
13,88,4,(3:66)
13,98,4,(4:55)
13,99,4,(6:55)
13,89,4,(1:51)
13,80,4,(3:45)
13,92,4,(9:44)
13,96,4,(8:42)
13,97,4,(6:36)
14,69,3,(39:40)
14,62,3,(38:43)
14,71,3,(42:46)
14,73,3,(40:50)
14,70,3,(39:51)
14,63,3,(29:51)
14,67,3,(34:62)
14,79,3,(31:66)
14,72,3,(31:72)
14,64,3,(45:70)
14,76,3,(40:65)
14,77,3,(42:58)
14,61,3,(46:50)
14,78,3,(46:35)
14,66,3,(41:34)
14,68,3,(28:34)
14,65,3,(29:37)
14,75,3,(32:45)
14,74,3,(33:40)
14,60,3,(37:37)
15,6,0,(31:8)
15,12,0,(30:6)
15,8,0,(28:4)
15,5,0,(32:2)
15,14,0,(23:0)
15,9,0,(19:1)
15,19,0,(19:8)
15,11,0,(20:9)
15,7,0,(14:3)
15,0,0,(9:0)
15,18,0,(7:5)
15,17,0,(8:8)
15,13,0,(0:9)
15,15,0,(7:13)
15,1,0,(10:14)
15,4,0,(13:15)
15,2,0,(16:14)
15,3,0,(14:17)
15,10,0,(13:24)
15,16,0,(3:24)
16,42,2,(54:43)
16,47,2,(55:40)
16,55,2,(61:34)
16,59,2,(71:33)
16,48,2,(71:36)
16,46,2,(65:37)
16,57,2,(66:42)
16,54,2,(63:51)
16,45,2,(67:53)
16,43,2,(73:53)
16,40,2,(73:69)
16,52,2,(70:72)
16,41,2,(54:70)
16,56,2,(56:64)
16,58,2,(61:64)
16,49,2,(61:61)
16,51,2,(55:61)
16,44,2,(55:56)
16,53,2,(56:52)
16,50,2,(53:49)
17,33,1,(41:26)
17,28,1,(41:24)
17,20,1,(53:23)
17,36,1,(53:18)
17,38,1,(58:15)
17,25,1,(58:21)
17,32,1,(62:22)
17,22,1,(64:24)
17,30,1,(64:16)
17,23,1,(69:18)
17,29,1,(70:18)
17,34,1,(70:12)
17,26,1,(69:6)
17,35,1,(47:0)
17,24,1,(46:0)
17,39,1,(44:1)
17,27,1,(51:7)
17,31,1,(51:10)
17,37,1,(49:20)
17,21,1,(48:22)
18,95,4,(20:45)
18,84,4,(17:48)
18,91,4,(15:53)
18,82,4,(14:53)
18,83,4,(13:53)
18,93,4,(12:72)
18,94,4,(6:72)
18,86,4,(1:72)
18,81,4,(1:65)
18,88,4,(3:66)
18,90,4,(2:68)
18,87,4,(5:68)
18,85,4,(8:60)
18,99,4,(6:55)
18,98,4,(4:55)
18,89,4,(1:51)
18,80,4,(3:45)
18,92,4,(9:44)
18,96,4,(8:42)
18,97,4,(6:36)
19,60,3,(37:37)
19,65,3,(29:37)
19,68,3,(28:34)
19,66,3,(41:34)
19,78,3,(46:35)
19,71,3,(42:46)
19,73,3,(40:50)
19,70,3,(39:51)
19,61,3,(46:50)
19,77,3,(42:58)
19,76,3,(40:65)
19,64,3,(45:70)
19,72,3,(31:72)
19,79,3,(31:66)
19,67,3,(34:62)
19,63,3,(29:51)
19,75,3,(32:45)
19,74,3,(33:40)
19,62,3,(38:43)
19,69,3,(39:40)
20,16,0,(3:24)
20,10,0,(13:24)
20,3,0,(14:17)
20,4,0,(13:15)
20,1,0,(10:14)
20,15,0,(7:13)
20,2,0,(16:14)
20,11,0,(20:9)
20,19,0,(19:8)
20,17,0,(8:8)
20,13,0,(0:9)
20,18,0,(7:5)
20,0,0,(9:0)
20,7,0,(14:3)
20,9,0,(19:1)
20,14,0,(23:0)
20,5,0,(32:2)
20,8,0,(28:4)
20,12,0,(30:6)
20,6,0,(31:8)
21,42,2,(54:43)
21,50,2,(53:49)
21,53,2,(56:52)
21,44,2,(55:56)
21,51,2,(55:61)
21,49,2,(61:61)
21,58,2,(61:64)
21,56,2,(56:64)
21,41,2,(54:70)
21,52,2,(70:72)
21,40,2,(73:69)
21,43,2,(73:53)
21,45,2,(67:53)
21,54,2,(63:51)
21,57,2,(66:42)
21,46,2,(65:37)
21,48,2,(71:36)
21,59,2,(71:33)
21,55,2,(61:34)
21,47,2,(55:40)
22,33,1,(41:26)
22,28,1,(41:24)
22,21,1,(48:22)
22,37,1,(49:20)
22,36,1,(53:18)
22,20,1,(53:23)
22,25,1,(58:21)
22,32,1,(62:22)
22,22,1,(64:24)
22,23,1,(69:18)
22,29,1,(70:18)
22,34,1,(70:12)
22,26,1,(69:6)
22,30,1,(64:16)
22,38,1,(58:15)
22,31,1,(51:10)
22,27,1,(51:7)
22,35,1,(47:0)
22,24,1,(46:0)
22,39,1,(44:1)
23,97,4,(6:36)
23,96,4,(8:42)
23,92,4,(9:44)
23,80,4,(3:45)
23,89,4,(1:51)
23,81,4,(1:65)
23,88,4,(3:66)
23,87,4,(5:68)
23,90,4,(2:68)
23,86,4,(1:72)
23,94,4,(6:72)
23,93,4,(12:72)
23,85,4,(8:60)
23,99,4,(6:55)
23,98,4,(4:55)
23,83,4,(13:53)
23,82,4,(14:53)
23,91,4,(15:53)
23,84,4,(17:48)
23,95,4,(20:45)
24,60,3,(37:37)
24,66,3,(41:34)
24,78,3,(46:35)
24,61,3,(46:50)
24,77,3,(42:58)
24,76,3,(40:65)
24,64,3,(45:70)
24,72,3,(31:72)
24,79,3,(31:66)
24,67,3,(34:62)
24,63,3,(29:51)
24,70,3,(39:51)
24,73,3,(40:50)
24,71,3,(42:46)
24,62,3,(38:43)
24,69,3,(39:40)
24,74,3,(33:40)
24,75,3,(32:45)
24,65,3,(29:37)
24,68,3,(28:34)
25,6,0,(31:8)
25,12,0,(30:6)
25,5,0,(32:2)
25,8,0,(28:4)
25,11,0,(20:9)
25,19,0,(19:8)
25,9,0,(19:1)
25,14,0,(23:0)
25,7,0,(14:3)
25,0,0,(9:0)
25,18,0,(7:5)
25,17,0,(8:8)
25,13,0,(0:9)
25,15,0,(7:13)
25,1,0,(10:14)
25,2,0,(16:14)
25,4,0,(13:15)
25,3,0,(14:17)
25,16,0,(3:24)
25,10,0,(13:24)
26,42,2,(54:43)
26,47,2,(55:40)
26,55,2,(61:34)
26,46,2,(65:37)
26,59,2,(71:33)
26,48,2,(71:36)
26,57,2,(66:42)
26,54,2,(63:51)
26,45,2,(67:53)
26,43,2,(73:53)
26,40,2,(73:69)
26,52,2,(70:72)
26,41,2,(54:70)
26,56,2,(56:64)
26,58,2,(61:64)
26,49,2,(61:61)
26,51,2,(55:61)
26,44,2,(55:56)
26,53,2,(56:52)
26,50,2,(53:49)
27,28,1,(41:24)
27,39,1,(44:1)
27,24,1,(46:0)
27,35,1,(47:0)
27,27,1,(51:7)
27,31,1,(51:10)
27,38,1,(58:15)
27,30,1,(64:16)
27,26,1,(69:6)
27,34,1,(70:12)
27,29,1,(70:18)
27,23,1,(69:18)
27,22,1,(64:24)
27,32,1,(62:22)
27,25,1,(58:21)
27,20,1,(53:23)
27,36,1,(53:18)
27,37,1,(49:20)
27,21,1,(48:22)
27,33,1,(41:26)
28,95,4,(20:45)
28,84,4,(17:48)
28,91,4,(15:53)
28,82,4,(14:53)
28,83,4,(13:53)
28,98,4,(4:55)
28,99,4,(6:55)
28,85,4,(8:60)
28,88,4,(3:66)
28,87,4,(5:68)
28,94,4,(6:72)
28,93,4,(12:72)
28,86,4,(1:72)
28,90,4,(2:68)
28,81,4,(1:65)
28,89,4,(1:51)
28,80,4,(3:45)
28,92,4,(9:44)
28,96,4,(8:42)
28,97,4,(6:36)
29,78,3,(46:35)
29,66,3,(41:34)
29,68,3,(28:34)
29,65,3,(29:37)
29,74,3,(33:40)
29,75,3,(32:45)
29,62,3,(38:43)
29,71,3,(42:46)
29,61,3,(46:50)
29,77,3,(42:58)
29,76,3,(40:65)
29,64,3,(45:70)
29,72,3,(31:72)
29,79,3,(31:66)
29,67,3,(34:62)
29,63,3,(29:51)
29,70,3,(39:51)
29,73,3,(40:50)
29,69,3,(39:40)
29,60,3,(37:37)
30,6,0,(31:8)
30,12,0,(30:6)
30,8,0,(28:4)
30,5,0,(32:2)
30,14,0,(23:0)
30,9,0,(19:1)
30,7,0,(14:3)
30,0,0,(9:0)
30,18,0,(7:5)
30,13,0,(0:9)
30,15,0,(7:13)
30,17,0,(8:8)
30,19,0,(19:8)
30,11,0,(20:9)
30,2,0,(16:14)
30,3,0,(14:17)
30,4,0,(13:15)
30,1,0,(10:14)
30,16,0,(3:24)
30,10,0,(13:24)
31,55,2,(61:34)
31,59,2,(71:33)
31,48,2,(71:36)
31,46,2,(65:37)
31,57,2,(66:42)
31,54,2,(63:51)
31,45,2,(67:53)
31,43,2,(73:53)
31,40,2,(73:69)
31,52,2,(70:72)
31,41,2,(54:70)
31,56,2,(56:64)
31,58,2,(61:64)
31,49,2,(61:61)
31,51,2,(55:61)
31,44,2,(55:56)
31,53,2,(56:52)
31,50,2,(53:49)
31,42,2,(54:43)
31,47,2,(55:40)
32,21,1,(48:22)
32,37,1,(49:20)
32,20,1,(53:23)
32,36,1,(53:18)
32,38,1,(58:15)
32,25,1,(58:21)
32,32,1,(62:22)
32,22,1,(64:24)
32,30,1,(64:16)
32,23,1,(69:18)
32,29,1,(70:18)
32,34,1,(70:12)
32,26,1,(69:6)
32,27,1,(51:7)
32,31,1,(51:10)
32,35,1,(47:0)
32,24,1,(46:0)
32,39,1,(44:1)
32,28,1,(41:24)
32,33,1,(41:26)
33,97,4,(6:36)
33,96,4,(8:42)
33,92,4,(9:44)
33,80,4,(3:45)
33,89,4,(1:51)
33,81,4,(1:65)
33,88,4,(3:66)
33,87,4,(5:68)
33,90,4,(2:68)
33,86,4,(1:72)
33,94,4,(6:72)
33,93,4,(12:72)
33,85,4,(8:60)
33,99,4,(6:55)
33,98,4,(4:55)
33,83,4,(13:53)
33,82,4,(14:53)
33,91,4,(15:53)
33,84,4,(17:48)
33,95,4,(20:45)
34,69,3,(39:40)
34,62,3,(38:43)
34,70,3,(39:51)
34,73,3,(40:50)
34,61,3,(46:50)
34,71,3,(42:46)
34,77,3,(42:58)
34,76,3,(40:65)
34,64,3,(45:70)
34,72,3,(31:72)
34,79,3,(31:66)
34,67,3,(34:62)
34,63,3,(29:51)
34,75,3,(32:45)
34,74,3,(33:40)
34,65,3,(29:37)
34,68,3,(28:34)
34,66,3,(41:34)
34,78,3,(46:35)
34,60,3,(37:37)
35,10,0,(13:24)
35,16,0,(3:24)
35,13,0,(0:9)
35,15,0,(7:13)
35,1,0,(10:14)
35,4,0,(13:15)
35,3,0,(14:17)
35,2,0,(16:14)
35,11,0,(20:9)
35,19,0,(19:8)
35,17,0,(8:8)
35,18,0,(7:5)
35,0,0,(9:0)
35,7,0,(14:3)
35,9,0,(19:1)
35,14,0,(23:0)
35,8,0,(28:4)
35,5,0,(32:2)
35,12,0,(30:6)
35,6,0,(31:8)
36,42,2,(54:43)
36,50,2,(53:49)
36,53,2,(56:52)
36,44,2,(55:56)
36,41,2,(54:70)
36,56,2,(56:64)
36,51,2,(55:61)
36,49,2,(61:61)
36,58,2,(61:64)
36,52,2,(70:72)
36,40,2,(73:69)
36,43,2,(73:53)
36,45,2,(67:53)
36,54,2,(63:51)
36,57,2,(66:42)
36,46,2,(65:37)
36,48,2,(71:36)
36,59,2,(71:33)
36,55,2,(61:34)
36,47,2,(55:40)
37,33,1,(41:26)
37,28,1,(41:24)
37,21,1,(48:22)
37,37,1,(49:20)
37,20,1,(53:23)
37,25,1,(58:21)
37,32,1,(62:22)
37,22,1,(64:24)
37,23,1,(69:18)
37,29,1,(70:18)
37,34,1,(70:12)
37,26,1,(69:6)
37,30,1,(64:16)
37,38,1,(58:15)
37,36,1,(53:18)
37,31,1,(51:10)
37,27,1,(51:7)
37,35,1,(47:0)
37,24,1,(46:0)
37,39,1,(44:1)
38,95,4,(20:45)
38,84,4,(17:48)
38,91,4,(15:53)
38,82,4,(14:53)
38,83,4,(13:53)
38,93,4,(12:72)
38,94,4,(6:72)
38,86,4,(1:72)
38,90,4,(2:68)
38,87,4,(5:68)
38,88,4,(3:66)
38,81,4,(1:65)
38,85,4,(8:60)
38,99,4,(6:55)
38,98,4,(4:55)
38,89,4,(1:51)
38,80,4,(3:45)
38,92,4,(9:44)
38,96,4,(8:42)
38,97,4,(6:36)
39,60,3,(37:37)
39,65,3,(29:37)
39,68,3,(28:34)
39,74,3,(33:40)
39,75,3,(32:45)
39,63,3,(29:51)
39,67,3,(34:62)
39,79,3,(31:66)
39,72,3,(31:72)
39,64,3,(45:70)
39,76,3,(40:65)
39,77,3,(42:58)
39,70,3,(39:51)
39,73,3,(40:50)
39,61,3,(46:50)
39,71,3,(42:46)
39,78,3,(46:35)
39,66,3,(41:34)
39,69,3,(39:40)
39,62,3,(38:43)
40,6,0,(31:8)
40,12,0,(30:6)
40,8,0,(28:4)
40,5,0,(32:2)
40,14,0,(23:0)
40,9,0,(19:1)
40,19,0,(19:8)
40,11,0,(20:9)
40,7,0,(14:3)
40,0,0,(9:0)
40,18,0,(7:5)
40,17,0,(8:8)
40,1,0,(10:14)
40,4,0,(13:15)
40,3,0,(14:17)
40,2,0,(16:14)
40,15,0,(7:13)
40,13,0,(0:9)
40,16,0,(3:24)
40,10,0,(13:24)
41,47,2,(55:40)
41,42,2,(54:43)
41,50,2,(53:49)
41,53,2,(56:52)
41,44,2,(55:56)
41,49,2,(61:61)
41,58,2,(61:64)
41,56,2,(56:64)
41,51,2,(55:61)
41,41,2,(54:70)
41,52,2,(70:72)
41,40,2,(73:69)
41,43,2,(73:53)
41,45,2,(67:53)
41,54,2,(63:51)
41,57,2,(66:42)
41,46,2,(65:37)
41,48,2,(71:36)
41,59,2,(71:33)
41,55,2,(61:34)
42,39,1,(44:1)
42,24,1,(46:0)
42,35,1,(47:0)
42,27,1,(51:7)
42,31,1,(51:10)
42,38,1,(58:15)
42,26,1,(69:6)
42,34,1,(70:12)
42,29,1,(70:18)
42,23,1,(69:18)
42,30,1,(64:16)
42,22,1,(64:24)
42,32,1,(62:22)
42,25,1,(58:21)
42,20,1,(53:23)
42,36,1,(53:18)
42,37,1,(49:20)
42,21,1,(48:22)
42,28,1,(41:24)
42,33,1,(41:26)
43,95,4,(20:45)
43,84,4,(17:48)
43,91,4,(15:53)
43,82,4,(14:53)
43,83,4,(13:53)
43,99,4,(6:55)
43,98,4,(4:55)
43,85,4,(8:60)
43,88,4,(3:66)
43,90,4,(2:68)
43,87,4,(5:68)
43,93,4,(12:72)
43,94,4,(6:72)
43,86,4,(1:72)
43,81,4,(1:65)
43,89,4,(1:51)
43,80,4,(3:45)
43,92,4,(9:44)
43,96,4,(8:42)
43,97,4,(6:36)
44,60,3,(37:37)
44,78,3,(46:35)
44,66,3,(41:34)
44,68,3,(28:34)
44,65,3,(29:37)
44,74,3,(33:40)
44,75,3,(32:45)
44,63,3,(29:51)
44,67,3,(34:62)
44,79,3,(31:66)
44,72,3,(31:72)
44,64,3,(45:70)
44,76,3,(40:65)
44,77,3,(42:58)
44,70,3,(39:51)
44,73,3,(40:50)
44,61,3,(46:50)
44,71,3,(42:46)
44,62,3,(38:43)
44,69,3,(39:40)
45,11,0,(20:9)
45,19,0,(19:8)
45,2,0,(16:14)
45,15,0,(7:13)
45,1,0,(10:14)
45,4,0,(13:15)
45,3,0,(14:17)
45,10,0,(13:24)
45,16,0,(3:24)
45,13,0,(0:9)
45,17,0,(8:8)
45,18,0,(7:5)
45,0,0,(9:0)
45,7,0,(14:3)
45,9,0,(19:1)
45,14,0,(23:0)
45,5,0,(32:2)
45,8,0,(28:4)
45,12,0,(30:6)
45,6,0,(31:8)
46,55,2,(61:34)
46,46,2,(65:37)
46,59,2,(71:33)
46,48,2,(71:36)
46,57,2,(66:42)
46,43,2,(73:53)
46,45,2,(67:53)
46,54,2,(63:51)
46,49,2,(61:61)
46,58,2,(61:64)
46,40,2,(73:69)
46,52,2,(70:72)
46,41,2,(54:70)
46,56,2,(56:64)
46,51,2,(55:61)
46,44,2,(55:56)
46,53,2,(56:52)
46,50,2,(53:49)
46,42,2,(54:43)
46,47,2,(55:40)
47,33,1,(41:26)
47,28,1,(41:24)
47,39,1,(44:1)
47,24,1,(46:0)
47,35,1,(47:0)
47,27,1,(51:7)
47,31,1,(51:10)
47,26,1,(69:6)
47,34,1,(70:12)
47,29,1,(70:18)
47,23,1,(69:18)
47,30,1,(64:16)
47,22,1,(64:24)
47,32,1,(62:22)
47,38,1,(58:15)
47,25,1,(58:21)
47,20,1,(53:23)
47,36,1,(53:18)
47,37,1,(49:20)
47,21,1,(48:22)
48,97,4,(6:36)
48,96,4,(8:42)
48,92,4,(9:44)
48,80,4,(3:45)
48,89,4,(1:51)
48,98,4,(4:55)
48,99,4,(6:55)
48,85,4,(8:60)
48,87,4,(5:68)
48,88,4,(3:66)
48,81,4,(1:65)
48,90,4,(2:68)
48,86,4,(1:72)
48,94,4,(6:72)
48,93,4,(12:72)
48,83,4,(13:53)
48,82,4,(14:53)
48,91,4,(15:53)
48,84,4,(17:48)
48,95,4,(20:45)
49,74,3,(33:40)
49,65,3,(29:37)
49,68,3,(28:34)
49,66,3,(41:34)
49,78,3,(46:35)
49,71,3,(42:46)
49,61,3,(46:50)
49,73,3,(40:50)
49,70,3,(39:51)
49,77,3,(42:58)
49,76,3,(40:65)
49,64,3,(45:70)
49,72,3,(31:72)
49,79,3,(31:66)
49,67,3,(34:62)
49,63,3,(29:51)
49,75,3,(32:45)
49,62,3,(38:43)
49,69,3,(39:40)
49,60,3,(37:37)
50,10,0,(13:24)
50,16,0,(3:24)
50,13,0,(0:9)
50,17,0,(8:8)
50,15,0,(7:13)
50,1,0,(10:14)
50,4,0,(13:15)
50,3,0,(14:17)
50,2,0,(16:14)
50,11,0,(20:9)
50,19,0,(19:8)
50,18,0,(7:5)
50,0,0,(9:0)
50,7,0,(14:3)
50,9,0,(19:1)
50,14,0,(23:0)
50,5,0,(32:2)
50,8,0,(28:4)
50,12,0,(30:6)
50,6,0,(31:8)
51,55,2,(61:34)
51,59,2,(71:33)
51,48,2,(71:36)
51,46,2,(65:37)
51,57,2,(66:42)
51,54,2,(63:51)
51,53,2,(56:52)
51,45,2,(67:53)
51,43,2,(73:53)
51,40,2,(73:69)
51,52,2,(70:72)
51,41,2,(54:70)
51,56,2,(56:64)
51,58,2,(61:64)
51,49,2,(61:61)
51,51,2,(55:61)
51,44,2,(55:56)
51,50,2,(53:49)
51,42,2,(54:43)
51,47,2,(55:40)
52,33,1,(41:26)
52,28,1,(41:24)
52,20,1,(53:23)
52,25,1,(58:21)
52,32,1,(62:22)
52,22,1,(64:24)
52,30,1,(64:16)
52,23,1,(69:18)
52,29,1,(70:18)
52,34,1,(70:12)
52,26,1,(69:6)
52,27,1,(51:7)
52,39,1,(44:1)
52,24,1,(46:0)
52,35,1,(47:0)
52,31,1,(51:10)
52,38,1,(58:15)
52,36,1,(53:18)
52,37,1,(49:20)
52,21,1,(48:22)
53,97,4,(6:36)
53,96,4,(8:42)
53,92,4,(9:44)
53,80,4,(3:45)
53,89,4,(1:51)
53,98,4,(4:55)
53,99,4,(6:55)
53,88,4,(3:66)
53,81,4,(1:65)
53,90,4,(2:68)
53,86,4,(1:72)
53,94,4,(6:72)
53,93,4,(12:72)
53,87,4,(5:68)
53,85,4,(8:60)
53,83,4,(13:53)
53,82,4,(14:53)
53,91,4,(15:53)
53,84,4,(17:48)
53,95,4,(20:45)
54,60,3,(37:37)
54,69,3,(39:40)
54,62,3,(38:43)
54,71,3,(42:46)
54,61,3,(46:50)
54,73,3,(40:50)
54,70,3,(39:51)
54,77,3,(42:58)
54,64,3,(45:70)
54,76,3,(40:65)
54,67,3,(34:62)
54,72,3,(31:72)
54,79,3,(31:66)
54,63,3,(29:51)
54,75,3,(32:45)
54,74,3,(33:40)
54,65,3,(29:37)
54,68,3,(28:34)
54,66,3,(41:34)
54,78,3,(46:35)
55,10,0,(13:24)
55,16,0,(3:24)
55,13,0,(0:9)
55,17,0,(8:8)
55,18,0,(7:5)
55,15,0,(7:13)
55,1,0,(10:14)
55,4,0,(13:15)
55,3,0,(14:17)
55,2,0,(16:14)
55,11,0,(20:9)
55,19,0,(19:8)
55,7,0,(14:3)
55,0,0,(9:0)
55,9,0,(19:1)
55,14,0,(23:0)
55,8,0,(28:4)
55,5,0,(32:2)
55,12,0,(30:6)
55,6,0,(31:8)
56,42,2,(54:43)
56,47,2,(55:40)
56,55,2,(61:34)
56,46,2,(65:37)
56,59,2,(71:33)
56,48,2,(71:36)
56,57,2,(66:42)
56,54,2,(63:51)
56,45,2,(67:53)
56,43,2,(73:53)
56,40,2,(73:69)
56,52,2,(70:72)
56,41,2,(54:70)
56,56,2,(56:64)
56,58,2,(61:64)
56,49,2,(61:61)
56,51,2,(55:61)
56,44,2,(55:56)
56,53,2,(56:52)
56,50,2,(53:49)
57,33,1,(41:26)
57,28,1,(41:24)
57,39,1,(44:1)
57,24,1,(46:0)
57,35,1,(47:0)
57,27,1,(51:7)
57,31,1,(51:10)
57,38,1,(58:15)
57,23,1,(69:18)
57,29,1,(70:18)
57,34,1,(70:12)
57,26,1,(69:6)
57,30,1,(64:16)
57,22,1,(64:24)
57,32,1,(62:22)
57,25,1,(58:21)
57,20,1,(53:23)
57,36,1,(53:18)
57,37,1,(49:20)
57,21,1,(48:22)
58,97,4,(6:36)
58,96,4,(8:42)
58,92,4,(9:44)
58,80,4,(3:45)
58,89,4,(1:51)
58,98,4,(4:55)
58,99,4,(6:55)
58,85,4,(8:60)
58,81,4,(1:65)
58,88,4,(3:66)
58,87,4,(5:68)
58,90,4,(2:68)
58,86,4,(1:72)
58,94,4,(6:72)
58,93,4,(12:72)
58,83,4,(13:53)
58,82,4,(14:53)
58,91,4,(15:53)
58,84,4,(17:48)
58,95,4,(20:45)
59,60,3,(37:37)
59,69,3,(39:40)
59,62,3,(38:43)
59,74,3,(33:40)
59,68,3,(28:34)
59,65,3,(29:37)
59,75,3,(32:45)
59,63,3,(29:51)
59,67,3,(34:62)
59,79,3,(31:66)
59,72,3,(31:72)
59,64,3,(45:70)
59,76,3,(40:65)
59,77,3,(42:58)
59,61,3,(46:50)
59,70,3,(39:51)
59,73,3,(40:50)
59,71,3,(42:46)
59,78,3,(46:35)
59,66,3,(41:34)
60,10,0,(13:24)
60,16,0,(3:24)
60,13,0,(0:9)
60,18,0,(7:5)
60,7,0,(14:3)
60,0,0,(9:0)
60,17,0,(8:8)
60,15,0,(7:13)
60,1,0,(10:14)
60,4,0,(13:15)
60,3,0,(14:17)
60,2,0,(16:14)
60,11,0,(20:9)
60,19,0,(19:8)
60,9,0,(19:1)
60,14,0,(23:0)
60,5,0,(32:2)
60,8,0,(28:4)
60,12,0,(30:6)
60,6,0,(31:8)
61,47,2,(55:40)
61,42,2,(54:43)
61,50,2,(53:49)
61,53,2,(56:52)
61,44,2,(55:56)
61,51,2,(55:61)
61,49,2,(61:61)
61,58,2,(61:64)
61,56,2,(56:64)
61,41,2,(54:70)
61,52,2,(70:72)
61,40,2,(73:69)
61,43,2,(73:53)
61,45,2,(67:53)
61,54,2,(63:51)
61,57,2,(66:42)
61,46,2,(65:37)
61,48,2,(71:36)
61,59,2,(71:33)
61,55,2,(61:34)
62,33,1,(41:26)
62,28,1,(41:24)
62,20,1,(53:23)
62,36,1,(53:18)
62,38,1,(58:15)
62,25,1,(58:21)
62,32,1,(62:22)
62,22,1,(64:24)
62,30,1,(64:16)
62,23,1,(69:18)
62,29,1,(70:18)
62,34,1,(70:12)
62,26,1,(69:6)
62,39,1,(44:1)
62,24,1,(46:0)
62,35,1,(47:0)
62,27,1,(51:7)
62,31,1,(51:10)
62,37,1,(49:20)
62,21,1,(48:22)
63,97,4,(6:36)
63,96,4,(8:42)
63,92,4,(9:44)
63,80,4,(3:45)
63,89,4,(1:51)
63,98,4,(4:55)
63,87,4,(5:68)
63,93,4,(12:72)
63,94,4,(6:72)
63,86,4,(1:72)
63,90,4,(2:68)
63,88,4,(3:66)
63,81,4,(1:65)
63,85,4,(8:60)
63,99,4,(6:55)
63,83,4,(13:53)
63,82,4,(14:53)
63,91,4,(15:53)
63,84,4,(17:48)
63,95,4,(20:45)
64,60,3,(37:37)
64,65,3,(29:37)
64,68,3,(28:34)
64,66,3,(41:34)
64,78,3,(46:35)
64,69,3,(39:40)
64,74,3,(33:40)
64,75,3,(32:45)
64,63,3,(29:51)
64,67,3,(34:62)
64,79,3,(31:66)
64,72,3,(31:72)
64,64,3,(45:70)
64,76,3,(40:65)
64,77,3,(42:58)
64,70,3,(39:51)
64,73,3,(40:50)
64,61,3,(46:50)
64,71,3,(42:46)
64,62,3,(38:43)
65,6,0,(31:8)
65,12,0,(30:6)
65,8,0,(28:4)
65,5,0,(32:2)
65,14,0,(23:0)
65,9,0,(19:1)
65,11,0,(20:9)
65,19,0,(19:8)
65,7,0,(14:3)
65,0,0,(9:0)
65,18,0,(7:5)
65,17,0,(8:8)
65,13,0,(0:9)
65,15,0,(7:13)
65,1,0,(10:14)
65,4,0,(13:15)
65,2,0,(16:14)
65,3,0,(14:17)
65,10,0,(13:24)
65,16,0,(3:24)
66,47,2,(55:40)
66,55,2,(61:34)
66,59,2,(71:33)
66,48,2,(71:36)
66,46,2,(65:37)
66,57,2,(66:42)
66,42,2,(54:43)
66,44,2,(55:56)
66,51,2,(55:61)
66,49,2,(61:61)
66,58,2,(61:64)
66,56,2,(56:64)
66,41,2,(54:70)
66,52,2,(70:72)
66,40,2,(73:69)
66,43,2,(73:53)
66,45,2,(67:53)
66,54,2,(63:51)
66,53,2,(56:52)
66,50,2,(53:49)
67,21,1,(48:22)
67,37,1,(49:20)
67,31,1,(51:10)
67,27,1,(51:7)
67,35,1,(47:0)
67,24,1,(46:0)
67,39,1,(44:1)
67,26,1,(69:6)
67,34,1,(70:12)
67,29,1,(70:18)
67,23,1,(69:18)
67,30,1,(64:16)
67,22,1,(64:24)
67,32,1,(62:22)
67,25,1,(58:21)
67,38,1,(58:15)
67,36,1,(53:18)
67,20,1,(53:23)
67,28,1,(41:24)
67,33,1,(41:26)
68,95,4,(20:45)
68,84,4,(17:48)
68,91,4,(15:53)
68,82,4,(14:53)
68,83,4,(13:53)
68,93,4,(12:72)
68,94,4,(6:72)
68,86,4,(1:72)
68,90,4,(2:68)
68,87,4,(5:68)
68,88,4,(3:66)
68,81,4,(1:65)
68,85,4,(8:60)
68,99,4,(6:55)
68,98,4,(4:55)
68,89,4,(1:51)
68,80,4,(3:45)
68,92,4,(9:44)
68,96,4,(8:42)
68,97,4,(6:36)
69,60,3,(37:37)
69,69,3,(39:40)
69,62,3,(38:43)
69,71,3,(42:46)
69,61,3,(46:50)
69,73,3,(40:50)
69,70,3,(39:51)
69,77,3,(42:58)
69,67,3,(34:62)
69,76,3,(40:65)
69,64,3,(45:70)
69,72,3,(31:72)
69,79,3,(31:66)
69,63,3,(29:51)
69,75,3,(32:45)
69,74,3,(33:40)
69,65,3,(29:37)
69,68,3,(28:34)
69,66,3,(41:34)
69,78,3,(46:35)
70,10,0,(13:24)
70,3,0,(14:17)
70,2,0,(16:14)
70,4,0,(13:15)
70,1,0,(10:14)
70,15,0,(7:13)
70,16,0,(3:24)
70,13,0,(0:9)
70,17,0,(8:8)
70,18,0,(7:5)
70,0,0,(9:0)
70,7,0,(14:3)
70,19,0,(19:8)
70,11,0,(20:9)
70,9,0,(19:1)
70,14,0,(23:0)
70,8,0,(28:4)
70,5,0,(32:2)
70,12,0,(30:6)
70,6,0,(31:8)
71,55,2,(61:34)
71,59,2,(71:33)
71,48,2,(71:36)
71,46,2,(65:37)
71,57,2,(66:42)
71,54,2,(63:51)
71,45,2,(67:53)
71,43,2,(73:53)
71,40,2,(73:69)
71,52,2,(70:72)
71,41,2,(54:70)
71,44,2,(55:56)
71,51,2,(55:61)
71,56,2,(56:64)
71,58,2,(61:64)
71,49,2,(61:61)
71,53,2,(56:52)
71,50,2,(53:49)
71,42,2,(54:43)
71,47,2,(55:40)
72,33,1,(41:26)
72,28,1,(41:24)
72,39,1,(44:1)
72,24,1,(46:0)
72,35,1,(47:0)
72,31,1,(51:10)
72,27,1,(51:7)
72,26,1,(69:6)
72,34,1,(70:12)
72,29,1,(70:18)
72,23,1,(69:18)
72,30,1,(64:16)
72,22,1,(64:24)
72,32,1,(62:22)
72,25,1,(58:21)
72,38,1,(58:15)
72,36,1,(53:18)
72,20,1,(53:23)
72,37,1,(49:20)
72,21,1,(48:22)
73,95,4,(20:45)
73,84,4,(17:48)
73,91,4,(15:53)
73,82,4,(14:53)
73,83,4,(13:53)
73,98,4,(4:55)
73,99,4,(6:55)
73,85,4,(8:60)
73,88,4,(3:66)
73,90,4,(2:68)
73,87,4,(5:68)
73,94,4,(6:72)
73,93,4,(12:72)
73,86,4,(1:72)
73,81,4,(1:65)
73,89,4,(1:51)
73,80,4,(3:45)
73,92,4,(9:44)
73,96,4,(8:42)
73,97,4,(6:36)
74,60,3,(37:37)
74,74,3,(33:40)
74,75,3,(32:45)
74,63,3,(29:51)
74,67,3,(34:62)
74,79,3,(31:66)
74,72,3,(31:72)
74,64,3,(45:70)
74,76,3,(40:65)
74,77,3,(42:58)
74,70,3,(39:51)
74,73,3,(40:50)
74,61,3,(46:50)
74,71,3,(42:46)
74,62,3,(38:43)
74,69,3,(39:40)
74,78,3,(46:35)
74,66,3,(41:34)
74,68,3,(28:34)
74,65,3,(29:37)
75,6,0,(31:8)
75,12,0,(30:6)
75,8,0,(28:4)
75,5,0,(32:2)
75,14,0,(23:0)
75,9,0,(19:1)
75,19,0,(19:8)
75,11,0,(20:9)
75,2,0,(16:14)
75,3,0,(14:17)
75,4,0,(13:15)
75,1,0,(10:14)
75,15,0,(7:13)
75,18,0,(7:5)
75,0,0,(9:0)
75,7,0,(14:3)
75,17,0,(8:8)
75,13,0,(0:9)
75,16,0,(3:24)
75,10,0,(13:24)
76,55,2,(61:34)
76,59,2,(71:33)
76,48,2,(71:36)
76,46,2,(65:37)
76,57,2,(66:42)
76,44,2,(55:56)
76,51,2,(55:61)
76,49,2,(61:61)
76,58,2,(61:64)
76,56,2,(56:64)
76,41,2,(54:70)
76,52,2,(70:72)
76,40,2,(73:69)
76,43,2,(73:53)
76,45,2,(67:53)
76,54,2,(63:51)
76,53,2,(56:52)
76,50,2,(53:49)
76,42,2,(54:43)
76,47,2,(55:40)
77,33,1,(41:26)
77,28,1,(41:24)
77,20,1,(53:23)
77,36,1,(53:18)
77,38,1,(58:15)
77,25,1,(58:21)
77,32,1,(62:22)
77,22,1,(64:24)
77,30,1,(64:16)
77,23,1,(69:18)
77,29,1,(70:18)
77,34,1,(70:12)
77,26,1,(69:6)
77,35,1,(47:0)
77,24,1,(46:0)
77,39,1,(44:1)
77,27,1,(51:7)
77,31,1,(51:10)
77,37,1,(49:20)
77,21,1,(48:22)
78,97,4,(6:36)
78,96,4,(8:42)
78,92,4,(9:44)
78,80,4,(3:45)
78,89,4,(1:51)
78,81,4,(1:65)
78,88,4,(3:66)
78,87,4,(5:68)
78,90,4,(2:68)
78,86,4,(1:72)
78,94,4,(6:72)
78,93,4,(12:72)
78,85,4,(8:60)
78,99,4,(6:55)
78,98,4,(4:55)
78,83,4,(13:53)
78,82,4,(14:53)
78,91,4,(15:53)
78,84,4,(17:48)
78,95,4,(20:45)
79,60,3,(37:37)
79,69,3,(39:40)
79,74,3,(33:40)
79,65,3,(29:37)
79,68,3,(28:34)
79,75,3,(32:45)
79,63,3,(29:51)
79,67,3,(34:62)
79,79,3,(31:66)
79,72,3,(31:72)
79,64,3,(45:70)
79,76,3,(40:65)
79,77,3,(42:58)
79,70,3,(39:51)
79,73,3,(40:50)
79,61,3,(46:50)
79,71,3,(42:46)
79,62,3,(38:43)
79,66,3,(41:34)
79,78,3,(46:35)
80,10,0,(13:24)
80,16,0,(3:24)
80,13,0,(0:9)
80,18,0,(7:5)
80,17,0,(8:8)
80,15,0,(7:13)
80,1,0,(10:14)
80,4,0,(13:15)
80,3,0,(14:17)
80,2,0,(16:14)
80,11,0,(20:9)
80,19,0,(19:8)
80,7,0,(14:3)
80,0,0,(9:0)
80,9,0,(19:1)
80,14,0,(23:0)
80,8,0,(28:4)
80,5,0,(32:2)
80,12,0,(30:6)
80,6,0,(31:8)
81,55,2,(61:34)
81,59,2,(71:33)
81,48,2,(71:36)
81,46,2,(65:37)
81,57,2,(66:42)
81,43,2,(73:53)
81,40,2,(73:69)
81,52,2,(70:72)
81,41,2,(54:70)
81,51,2,(55:61)
81,49,2,(61:61)
81,58,2,(61:64)
81,56,2,(56:64)
81,44,2,(55:56)
81,45,2,(67:53)
81,54,2,(63:51)
81,53,2,(56:52)
81,50,2,(53:49)
81,42,2,(54:43)
81,47,2,(55:40)
82,28,1,(41:24)
82,20,1,(53:23)
82,36,1,(53:18)
82,25,1,(58:21)
82,38,1,(58:15)
82,30,1,(64:16)
82,32,1,(62:22)
82,22,1,(64:24)
82,23,1,(69:18)
82,29,1,(70:18)
82,34,1,(70:12)
82,26,1,(69:6)
82,35,1,(47:0)
82,24,1,(46:0)
82,39,1,(44:1)
82,27,1,(51:7)
82,31,1,(51:10)
82,37,1,(49:20)
82,21,1,(48:22)
82,33,1,(41:26)
83,97,4,(6:36)
83,96,4,(8:42)
83,92,4,(9:44)
83,80,4,(3:45)
83,89,4,(1:51)
83,98,4,(4:55)
83,99,4,(6:55)
83,85,4,(8:60)
83,88,4,(3:66)
83,81,4,(1:65)
83,90,4,(2:68)
83,87,4,(5:68)
83,86,4,(1:72)
83,94,4,(6:72)
83,93,4,(12:72)
83,83,4,(13:53)
83,82,4,(14:53)
83,91,4,(15:53)
83,84,4,(17:48)
83,95,4,(20:45)
84,60,3,(37:37)
84,69,3,(39:40)
84,62,3,(38:43)
84,71,3,(42:46)
84,61,3,(46:50)
84,73,3,(40:50)
84,70,3,(39:51)
84,77,3,(42:58)
84,76,3,(40:65)
84,64,3,(45:70)
84,72,3,(31:72)
84,79,3,(31:66)
84,67,3,(34:62)
84,63,3,(29:51)
84,75,3,(32:45)
84,74,3,(33:40)
84,78,3,(46:35)
84,66,3,(41:34)
84,68,3,(28:34)
84,65,3,(29:37)
85,5,0,(32:2)
85,14,0,(23:0)
85,9,0,(19:1)
85,7,0,(14:3)
85,0,0,(9:0)
85,18,0,(7:5)
85,17,0,(8:8)
85,1,0,(10:14)
85,15,0,(7:13)
85,13,0,(0:9)
85,16,0,(3:24)
85,10,0,(13:24)
85,3,0,(14:17)
85,4,0,(13:15)
85,2,0,(16:14)
85,19,0,(19:8)
85,11,0,(20:9)
85,8,0,(28:4)
85,12,0,(30:6)
85,6,0,(31:8)
86,42,2,(54:43)
86,50,2,(53:49)
86,44,2,(55:56)
86,53,2,(56:52)
86,54,2,(63:51)
86,45,2,(67:53)
86,43,2,(73:53)
86,40,2,(73:69)
86,52,2,(70:72)
86,41,2,(54:70)
86,51,2,(55:61)
86,56,2,(56:64)
86,58,2,(61:64)
86,49,2,(61:61)
86,57,2,(66:42)
86,48,2,(71:36)
86,59,2,(71:33)
86,46,2,(65:37)
86,55,2,(61:34)
86,47,2,(55:40)
87,28,1,(41:24)
87,39,1,(44:1)
87,24,1,(46:0)
87,35,1,(47:0)
87,27,1,(51:7)
87,31,1,(51:10)
87,38,1,(58:15)
87,34,1,(70:12)
87,26,1,(69:6)
87,23,1,(69:18)
87,29,1,(70:18)
87,30,1,(64:16)
87,22,1,(64:24)
87,32,1,(62:22)
87,25,1,(58:21)
87,20,1,(53:23)
87,36,1,(53:18)
87,37,1,(49:20)
87,21,1,(48:22)
87,33,1,(41:26)
88,95,4,(20:45)
88,84,4,(17:48)
88,91,4,(15:53)
88,82,4,(14:53)
88,83,4,(13:53)
88,98,4,(4:55)
88,99,4,(6:55)
88,85,4,(8:60)
88,88,4,(3:66)
88,90,4,(2:68)
88,87,4,(5:68)
88,94,4,(6:72)
88,93,4,(12:72)
88,86,4,(1:72)
88,81,4,(1:65)
88,89,4,(1:51)
88,80,4,(3:45)
88,92,4,(9:44)
88,96,4,(8:42)
88,97,4,(6:36)
89,60,3,(37:37)
89,68,3,(28:34)
89,65,3,(29:37)
89,74,3,(33:40)
89,75,3,(32:45)
89,63,3,(29:51)
89,70,3,(39:51)
89,73,3,(40:50)
89,76,3,(40:65)
89,64,3,(45:70)
89,72,3,(31:72)
89,79,3,(31:66)
89,67,3,(34:62)
89,77,3,(42:58)
89,61,3,(46:50)
89,71,3,(42:46)
89,62,3,(38:43)
89,69,3,(39:40)
89,66,3,(41:34)
89,78,3,(46:35)
90,10,0,(13:24)
90,16,0,(3:24)
90,13,0,(0:9)
90,17,0,(8:8)
90,0,0,(9:0)
90,18,0,(7:5)
90,15,0,(7:13)
90,1,0,(10:14)
90,4,0,(13:15)
90,3,0,(14:17)
90,2,0,(16:14)
90,11,0,(20:9)
90,19,0,(19:8)
90,7,0,(14:3)
90,9,0,(19:1)
90,14,0,(23:0)
90,8,0,(28:4)
90,5,0,(32:2)
90,12,0,(30:6)
90,6,0,(31:8)
91,47,2,(55:40)
91,55,2,(61:34)
91,59,2,(71:33)
91,48,2,(71:36)
91,46,2,(65:37)
91,57,2,(66:42)
91,54,2,(63:51)
91,53,2,(56:52)
91,45,2,(67:53)
91,43,2,(73:53)
91,40,2,(73:69)
91,52,2,(70:72)
91,41,2,(54:70)
91,56,2,(56:64)
91,58,2,(61:64)
91,49,2,(61:61)
91,51,2,(55:61)
91,44,2,(55:56)
91,50,2,(53:49)
91,42,2,(54:43)
92,33,1,(41:26)
92,28,1,(41:24)
92,39,1,(44:1)
92,24,1,(46:0)
92,35,1,(47:0)
92,27,1,(51:7)
92,31,1,(51:10)
92,38,1,(58:15)
92,30,1,(64:16)
92,26,1,(69:6)
92,34,1,(70:12)
92,29,1,(70:18)
92,23,1,(69:18)
92,22,1,(64:24)
92,32,1,(62:22)
92,25,1,(58:21)
92,20,1,(53:23)
92,36,1,(53:18)
92,37,1,(49:20)
92,21,1,(48:22)
93,97,4,(6:36)
93,96,4,(8:42)
93,92,4,(9:44)
93,80,4,(3:45)
93,89,4,(1:51)
93,81,4,(1:65)
93,88,4,(3:66)
93,87,4,(5:68)
93,90,4,(2:68)
93,86,4,(1:72)
93,94,4,(6:72)
93,93,4,(12:72)
93,85,4,(8:60)
93,98,4,(4:55)
93,99,4,(6:55)
93,83,4,(13:53)
93,82,4,(14:53)
93,91,4,(15:53)
93,84,4,(17:48)
93,95,4,(20:45)
94,74,3,(33:40)
94,75,3,(32:45)
94,63,3,(29:51)
94,67,3,(34:62)
94,79,3,(31:66)
94,72,3,(31:72)
94,64,3,(45:70)
94,76,3,(40:65)
94,77,3,(42:58)
94,70,3,(39:51)
94,73,3,(40:50)
94,61,3,(46:50)
94,71,3,(42:46)
94,62,3,(38:43)
94,69,3,(39:40)
94,65,3,(29:37)
94,68,3,(28:34)
94,66,3,(41:34)
94,78,3,(46:35)
94,60,3,(37:37)
95,10,0,(13:24)
95,3,0,(14:17)
95,4,0,(13:15)
95,2,0,(16:14)
95,1,0,(10:14)
95,15,0,(7:13)
95,16,0,(3:24)
95,13,0,(0:9)
95,17,0,(8:8)
95,18,0,(7:5)
95,0,0,(9:0)
95,7,0,(14:3)
95,9,0,(19:1)
95,19,0,(19:8)
95,11,0,(20:9)
95,6,0,(31:8)
95,12,0,(30:6)
95,8,0,(28:4)
95,14,0,(23:0)
95,5,0,(32:2)
96,50,2,(53:49)
96,53,2,(56:52)
96,44,2,(55:56)
96,51,2,(55:61)
96,49,2,(61:61)
96,58,2,(61:64)
96,56,2,(56:64)
96,41,2,(54:70)
96,52,2,(70:72)
96,40,2,(73:69)
96,43,2,(73:53)
96,45,2,(67:53)
96,54,2,(63:51)
96,57,2,(66:42)
96,46,2,(65:37)
96,48,2,(71:36)
96,59,2,(71:33)
96,55,2,(61:34)
96,47,2,(55:40)
96,42,2,(54:43)
97,28,1,(41:24)
97,21,1,(48:22)
97,37,1,(49:20)
97,36,1,(53:18)
97,31,1,(51:10)
97,27,1,(51:7)
97,39,1,(44:1)
97,24,1,(46:0)
97,35,1,(47:0)
97,26,1,(69:6)
97,34,1,(70:12)
97,29,1,(70:18)
97,23,1,(69:18)
97,30,1,(64:16)
97,38,1,(58:15)
97,25,1,(58:21)
97,32,1,(62:22)
97,22,1,(64:24)
97,20,1,(53:23)
97,33,1,(41:26)
98,97,4,(6:36)
98,96,4,(8:42)
98,92,4,(9:44)
98,80,4,(3:45)
98,89,4,(1:51)
98,81,4,(1:65)
98,88,4,(3:66)
98,87,4,(5:68)
98,90,4,(2:68)
98,86,4,(1:72)
98,94,4,(6:72)
98,93,4,(12:72)
98,85,4,(8:60)
98,98,4,(4:55)
98,99,4,(6:55)
98,83,4,(13:53)
98,82,4,(14:53)
98,91,4,(15:53)
98,84,4,(17:48)
98,95,4,(20:45)
99,60,3,(37:37)
99,69,3,(39:40)
99,62,3,(38:43)
99,71,3,(42:46)
99,61,3,(46:50)
99,73,3,(40:50)
99,70,3,(39:51)
99,77,3,(42:58)
99,67,3,(34:62)
99,76,3,(40:65)
99,64,3,(45:70)
99,72,3,(31:72)
99,79,3,(31:66)
99,63,3,(29:51)
99,75,3,(32:45)
99,74,3,(33:40)
99,65,3,(29:37)
99,68,3,(28:34)
99,66,3,(41:34)
99,78,3,(46:35)
