day,roomId,ifInRoute,suf_rate,expect_shortage,dis_from_point,rep_value
0,0,true,1.0,0,15,0.0
0,1,true,1.0,0,10,0.0
0,2,true,1.0,0,6,0.0
0,3,true,1.0,0,9,0.0
0,4,true,1.0,0,8,0.0
0,5,true,1.0,0,24,0.0
0,6,true,1.0,0,17,0.0
0,7,true,1.0,0,7,0.0
0,8,true,1.0,0,18,0.0
0,9,true,1.0,0,12,0.0
0,10,true,1.0,0,17,0.0
0,11,true,1.0,0,5,0.0
0,12,true,1.0,0,18,0.0
0,13,true,1.0,0,15,0.0
0,14,true,1.0,0,17,0.0
0,15,true,1.0,0,12,0.0
0,16,true,1.0,0,27,0.0
0,17,true,1.0,0,8,0.0
0,18,true,1.0,0,12,0.0
0,19,true,1.0,0,5,0.0
0,20,false,1.0,0,52,0.0
0,21,false,1.0,0,46,0.0
0,22,false,1.0,0,64,0.0
0,23,false,1.0,0,63,0.0
0,24,false,1.0,0,40,0.0
0,25,false,1.0,0,55,0.0
0,26,false,1.0,0,57,0.0
0,27,false,1.0,0,38,0.0
0,28,false,1.0,0,41,0.0
0,29,false,1.0,0,64,0.0
0,30,false,1.0,0,56,0.0
0,31,false,1.0,0,37,0.0
0,32,false,1.0,0,60,0.0
0,33,false,1.0,0,43,0.0
0,34,false,1.0,0,58,0.0
0,35,false,1.0,0,41,0.0
0,36,false,1.0,0,47,0.0
0,37,false,1.0,0,45,0.0
0,38,false,1.0,0,49,0.0
0,39,false,1.0,0,37,0.0
0,40,false,1.0,0,118,0.0
0,41,false,1.0,0,100,0.0
0,42,false,1.0,0,73,0.0
0,43,false,1.0,0,102,0.0
0,44,false,1.0,0,87,0.0
0,45,false,1.0,0,96,0.0
0,46,false,1.0,0,78,0.0
0,47,false,1.0,0,71,0.0
0,48,false,1.0,0,83,0.0
0,49,false,1.0,0,98,0.0
0,50,false,1.0,0,78,0.0
0,51,false,1.0,0,92,0.0
0,52,false,1.0,0,118,0.0
0,53,false,1.0,0,84,0.0
0,54,false,1.0,0,90,0.0
0,55,false,1.0,0,71,0.0
0,56,false,1.0,0,96,0.0
0,57,false,1.0,0,84,0.0
0,58,false,1.0,0,101,0.0
0,59,false,1.0,0,80,0.0
0,60,false,1.0,0,50,0.0
0,61,false,1.0,0,72,0.0
0,62,false,1.0,0,57,0.0
0,63,false,1.0,0,56,0.0
0,64,false,1.0,0,91,0.0
0,65,false,1.0,0,42,0.0
0,66,false,1.0,0,51,0.0
0,67,false,1.0,0,72,0.0
0,68,false,1.0,0,38,0.0
0,69,false,1.0,0,55,0.0
0,70,false,1.0,0,66,0.0
0,71,false,1.0,0,64,0.0
0,72,false,1.0,0,79,0.0
0,73,false,1.0,0,66,0.0
0,74,false,1.0,0,49,0.0
0,75,false,1.0,0,53,0.0
0,76,false,1.0,0,81,0.0
0,77,false,1.0,0,76,0.0
0,78,false,1.0,0,57,0.0
0,79,false,1.0,0,73,0.0
0,80,false,1.0,0,48,0.0
0,81,false,1.0,0,70,0.0
0,82,false,1.0,0,45,0.0
0,83,false,1.0,0,46,0.0
0,84,false,1.0,0,41,0.0
0,85,false,1.0,0,58,0.0
0,86,false,1.0,0,77,0.0
0,87,false,1.0,0,69,0.0
0,88,false,1.0,0,69,0.0
0,89,false,1.0,0,56,0.0
0,90,false,1.0,0,72,0.0
0,91,false,1.0,0,44,0.0
0,92,false,1.0,0,41,0.0
0,93,false,1.0,0,66,0.0
0,94,false,1.0,0,72,0.0
0,95,false,1.0,0,41,0.0
0,96,false,1.0,0,40,0.0
0,97,false,1.0,0,36,0.0
0,98,false,1.0,0,57,0.0
0,99,false,1.0,0,55,0.0
1,0,false,1.0,0,105,0.0
1,1,false,1.0,0,90,0.0
1,2,false,1.0,0,84,0.0
1,3,false,1.0,0,83,0.0
1,4,false,1.0,0,86,0.0
1,5,false,1.0,0,80,0.0
1,6,false,1.0,0,75,0.0
1,7,false,1.0,0,97,0.0
1,8,false,1.0,0,82,0.0
1,9,false,1.0,0,94,0.0
1,10,false,1.0,0,77,0.0
1,11,false,1.0,0,85,0.0
1,12,false,1.0,0,78,0.0
1,13,false,1.0,0,105,0.0
1,14,false,1.0,0,91,0.0
1,15,false,1.0,0,94,0.0
1,16,false,1.0,0,87,0.0
1,17,false,1.0,0,98,0.0
1,18,false,1.0,0,102,0.0
1,19,false,1.0,0,87,0.0
1,20,false,0.9333333333333333,0,38,0.0
1,21,false,0.9666666666666667,0,44,0.0
1,22,false,0.9,0,30,0.0
1,23,false,0.8333333333333334,0,41,0.0
1,24,false,0.9,0,68,0.0
1,25,false,0.9555555555555556,0,35,0.0
1,26,false,0.9777777777777777,0,53,0.0
1,27,false,0.9666666666666667,0,56,0.0
1,28,false,0.9481481481481482,0,49,0.0
1,29,false,0.9444444444444444,0,42,0.0
1,30,false,0.9666666666666667,0,38,0.0
1,31,false,0.8666666666666667,0,53,0.0
1,32,false,0.9333333333333333,0,30,0.0
1,33,false,0.9333333333333333,0,47,0.0
1,34,false,0.8666666666666667,0,48,0.0
1,35,false,0.9111111111111111,0,67,0.0
1,36,false,0.9444444444444444,0,43,0.0
1,37,false,0.9444444444444444,0,45,0.0
1,38,false,0.9259259259259259,0,41,0.0
1,39,false,0.9518518518518518,0,69,0.0
1,40,true,1.0,0,28,0.0
1,41,true,1.0,0,26,0.0
1,42,true,0.9333333333333333,0,17,0.0
1,43,true,1.0,0,12,0.0
1,44,true,0.9666666666666667,0,11,0.0
1,45,true,0.9444444444444444,0,6,0.0
1,46,true,0.9444444444444444,0,18,0.0
1,47,true,0.9555555555555556,0,19,0.0
1,48,true,0.9481481481481482,0,25,0.0
1,49,true,0.9703703703703703,0,10,0.0
1,50,true,1.0,0,12,0.0
1,51,true,0.8666666666666667,0,16,0.0
1,52,true,0.9666666666666667,0,28,0.0
1,53,true,0.9666666666666667,0,6,0.0
1,54,true,0.9333333333333333,0,2,0.0
1,55,true,0.9777777777777777,0,19,0.0
1,56,true,0.9555555555555556,0,18,0.0
1,57,true,0.9666666666666667,0,14,0.0
1,58,true,0.9444444444444444,0,13,0.0
1,59,true,0.9481481481481482,0,28,0.0
1,60,false,0.9,0,40,0.0
1,61,false,0.9333333333333333,0,18,0.0
1,62,false,1.0,0,33,0.0
1,63,false,0.9666666666666667,0,34,0.0
1,64,false,1.0,0,35,0.0
1,65,false,0.9555555555555556,0,48,0.0
1,66,false,0.9777777777777777,0,39,0.0
1,67,false,0.9222222222222223,0,38,0.0
1,68,false,0.9629629629629629,0,52,0.0
1,69,false,0.937037037037037,0,35,0.0
1,70,false,0.9666666666666667,0,24,0.0
1,71,false,1.0,0,26,0.0
1,72,false,0.9333333333333333,0,51,0.0
1,73,false,1.0,0,24,0.0
1,74,false,0.9,0,41,0.0
1,75,false,0.9555555555555556,0,37,0.0
1,76,false,0.9333333333333333,0,35,0.0
1,77,false,0.9333333333333333,0,26,0.0
1,78,false,0.9444444444444444,0,33,0.0
1,79,false,0.9296296296296296,0,45,0.0
1,80,false,0.9333333333333333,0,66,0.0
1,81,false,0.9666666666666667,0,74,0.0
1,82,false,0.9333333333333333,0,49,0.0
1,83,false,0.9666666666666667,0,50,0.0
1,84,false,1.0,0,49,0.0
1,85,false,0.9111111111111111,0,62,0.0
1,86,false,0.9555555555555556,0,81,0.0
1,87,false,0.9777777777777777,0,73,0.0
1,88,false,0.9407407407407408,0,73,0.0
1,89,false,0.9444444444444444,0,62,0.0
1,90,false,0.9666666666666667,0,76,0.0
1,91,false,0.9,0,48,0.0
1,92,false,0.9666666666666667,0,61,0.0
1,93,false,0.9666666666666667,0,70,0.0
1,94,false,0.9333333333333333,0,76,0.0
1,95,false,0.9888888888888889,0,49,0.0
1,96,false,0.9444444444444444,0,64,0.0
1,97,false,0.9666666666666667,0,72,0.0
1,98,false,0.9703703703703703,0,61,0.0
1,99,false,0.9481481481481482,0,59,0.0
2,0,false,0.8666666666666667,0,61,0.0
2,1,false,1.0,0,46,0.0
2,2,false,0.8666666666666667,0,40,0.0
2,3,false,0.7666666666666667,0,43,0.0
2,4,false,0.9666666666666667,0,42,0.0
2,5,false,0.9444444444444444,0,36,0.0
2,6,false,0.9222222222222223,0,31,0.0
2,7,false,0.9444444444444444,0,53,0.0
2,8,false,0.9629629629629629,0,38,0.0
2,9,false,0.9555555555555556,0,50,0.0
2,10,false,0.9666666666666667,0,51,0.0
2,11,false,0.9,0,41,0.0
2,12,false,0.9333333333333333,0,34,0.0
2,13,false,0.9666666666666667,0,61,0.0
2,14,false,0.9,0,47,0.0
2,15,false,0.9777777777777777,0,50,0.0
2,16,false,0.9777777777777777,0,61,0.0
2,17,false,0.9777777777777777,0,54,0.0
2,18,false,0.9148148148148149,0,58,0.0
2,19,false,0.9629629629629629,0,43,0.0
2,20,true,0.9,0,10,0.0
2,21,true,0.8666666666666667,0,14,0.0
2,22,true,0.9,0,18,0.0
2,23,true,0.8333333333333334,0,17,0.0
2,24,true,0.8666666666666667,0,24,0.0
2,25,true,0.9222222222222223,0,9,0.0
2,26,true,0.8888888888888888,0,23,0.0
2,27,true,0.8888888888888888,0,12,0.0
2,28,true,0.8925925925925926,0,23,0.0
2,29,true,0.8962962962962963,0,18,0.0
2,30,true,0.8666666666666667,0,10,0.0
2,31,true,0.8333333333333334,0,9,0.0
2,32,true,0.9,0,14,0.0
2,33,true,0.8333333333333334,0,25,0.0
2,34,true,0.8333333333333334,0,18,0.0
2,35,true,0.8777777777777778,0,23,0.0
2,36,true,0.9444444444444444,0,5,0.0
2,37,true,0.8777777777777778,0,11,0.0
2,38,true,0.8666666666666667,0,3,0.0
2,39,true,0.8925925925925926,0,25,0.0
2,40,false,1.0,0,72,0.0
2,41,false,1.0,0,56,0.0
2,42,false,1.0,0,29,0.0
2,43,false,1.0,0,56,0.0
2,44,false,1.0,0,41,0.0
2,45,false,1.0,0,50,0.0
2,46,false,1.0,0,32,0.0
2,47,false,1.0,0,25,0.0
2,48,false,1.0,0,37,0.0
2,49,false,1.0,0,52,0.0
2,50,false,1.0,0,36,0.0
2,51,false,1.0,0,46,0.0
2,52,false,1.0,0,72,0.0
2,53,false,1.0,0,38,0.0
2,54,false,1.0,0,44,0.0
2,55,false,1.0,0,25,0.0
2,56,false,1.0,0,50,0.0
2,57,false,1.0,0,38,0.0
2,58,false,1.0,0,55,0.0
2,59,false,1.0,0,34,0.0
2,60,false,0.9,0,40,0.0
2,61,false,0.8333333333333334,0,44,0.0
2,62,false,0.8333333333333334,0,45,0.0
2,63,false,0.7,0,62,0.0
2,64,false,0.9333333333333333,0,65,0.0
2,65,false,0.9444444444444444,0,48,0.0
2,66,false,0.9222222222222223,0,33,0.0
2,67,false,0.8888888888888888,0,68,0.0
2,68,false,0.9037037037037037,0,46,0.0
2,69,false,0.8703703703703703,0,41,0.0
2,70,false,0.9666666666666667,0,52,0.0
2,71,false,1.0,0,44,0.0
2,72,false,0.9,0,81,0.0
2,73,false,0.9,0,50,0.0
2,74,false,0.8333333333333334,0,47,0.0
2,75,false,0.9222222222222223,0,53,0.0
2,76,false,0.8888888888888888,0,65,0.0
2,77,false,0.9,0,56,0.0
2,78,false,0.9,0,29,0.0
2,79,false,0.8777777777777778,0,75,0.0
2,80,false,0.9333333333333333,0,82,0.0
2,81,false,0.9333333333333333,0,104,0.0
2,82,false,0.9,0,79,0.0
2,83,false,0.8666666666666667,0,80,0.0
2,84,false,0.9333333333333333,0,71,0.0
2,85,false,0.8888888888888888,0,92,0.0
2,86,false,0.9333333333333333,0,111,0.0
2,87,false,0.9222222222222223,0,103,0.0
2,88,false,0.9074074074074074,0,103,0.0
2,89,false,0.8666666666666667,0,90,0.0
2,90,false,0.9666666666666667,0,106,0.0
2,91,false,0.8666666666666667,0,78,0.0
2,92,false,0.9333333333333333,0,75,0.0
2,93,false,0.9666666666666667,0,100,0.0
2,94,false,0.8666666666666667,0,106,0.0
2,95,false,0.9555555555555556,0,65,0.0
2,96,false,0.9,0,74,0.0
2,97,false,0.9,0,70,0.0
2,98,false,0.9444444444444444,0,91,0.0
2,99,false,0.8888888888888888,0,89,0.0
3,0,false,0.8666666666666667,0,58,0.0
3,1,false,1.0,0,45,0.0
3,2,false,0.8666666666666667,0,51,0.0
3,3,false,0.7333333333333333,0,46,0.0
3,4,false,0.8666666666666667,0,47,0.0
3,5,false,0.9333333333333333,0,79,0.0
3,6,false,0.8555555555555555,0,72,0.0
3,7,false,0.8444444444444444,0,60,0.0
3,8,false,0.9037037037037037,0,73,0.0
3,9,false,0.8925925925925926,0,67,0.0
3,10,false,0.8666666666666667,0,38,0.0
3,11,false,0.8666666666666667,0,60,0.0
3,12,false,0.9333333333333333,0,73,0.0
3,13,false,0.8333333333333334,0,54,0.0
3,14,false,0.8333333333333334,0,72,0.0
3,15,false,0.9555555555555556,0,43,0.0
3,16,false,0.9444444444444444,0,36,0.0
3,17,false,0.8888888888888888,0,49,0.0
3,18,false,0.8925925925925926,0,51,0.0
3,19,false,0.9148148148148149,0,60,0.0
3,20,false,1.0,0,79,0.0
3,21,false,1.0,0,75,0.0
3,22,false,1.0,0,89,0.0
3,23,false,1.0,0,100,0.0
3,24,false,1.0,0,95,0.0
3,25,false,1.0,0,86,0.0
3,26,false,1.0,0,112,0.0
3,27,false,1.0,0,93,0.0
3,28,false,1.0,0,66,0.0
3,29,false,1.0,0,101,0.0
3,30,false,1.0,0,97,0.0
3,31,false,1.0,0,90,0.0
3,32,false,1.0,0,89,0.0
3,33,false,1.0,0,64,0.0
3,34,false,1.0,0,107,0.0
3,35,false,1.0,0,96,0.0
3,36,false,1.0,0,84,0.0
3,37,false,1.0,0,78,0.0
3,38,false,1.0,0,92,0.0
3,39,false,1.0,0,92,0.0
3,40,false,0.9666666666666667,0,79,0.0
3,41,false,0.8333333333333334,0,61,0.0
3,42,false,0.9333333333333333,0,60,0.0
3,43,false,0.9666666666666667,0,69,0.0
3,44,false,1.0,0,48,0.0
3,45,false,0.9444444444444444,0,63,0.0
3,46,false,0.9666666666666667,0,77,0.0
3,47,false,0.9666666666666667,0,64,0.0
3,48,false,0.9259259259259259,0,84,0.0
3,49,false,0.9814814814814815,0,59,0.0
3,50,false,0.9333333333333333,0,53,0.0
3,51,false,0.9333333333333333,0,53,0.0
3,52,false,0.8666666666666667,0,79,0.0
3,53,false,1.0,0,53,0.0
3,54,false,0.9333333333333333,0,61,0.0
3,55,false,0.9444444444444444,0,76,0.0
3,56,false,0.9777777777777777,0,57,0.0
3,57,false,0.9444444444444444,0,73,0.0
3,58,false,0.9222222222222223,0,62,0.0
3,59,false,0.9555555555555556,0,87,0.0
3,60,false,0.9,0,49,0.0
3,61,false,0.7666666666666667,0,45,0.0
3,62,false,0.7666666666666667,0,44,0.0
3,63,false,0.6666666666666666,0,27,0.0
3,64,false,0.9,0,52,0.0
3,65,false,0.8777777777777778,0,41,0.0
3,66,false,0.8888888888888888,0,56,0.0
3,67,false,0.8444444444444444,0,33,0.0
3,68,false,0.8481481481481481,0,43,0.0
3,69,false,0.8074074074074075,0,48,0.0
3,70,false,0.8666666666666667,0,37,0.0
3,71,false,0.9333333333333333,0,45,0.0
3,72,false,0.8666666666666667,0,40,0.0
3,73,false,0.8333333333333334,0,39,0.0
3,74,false,0.8,0,42,0.0
3,75,false,0.8666666666666667,0,36,0.0
3,76,false,0.8666666666666667,0,42,0.0
3,77,false,0.8666666666666667,0,37,0.0
3,78,false,0.825925925925926,0,60,0.0
3,79,false,0.8333333333333334,0,34,0.0
3,80,true,0.9333333333333333,0,15,0.0
3,81,true,0.8666666666666667,0,15,0.0
3,82,true,0.9,0,10,0.0
3,83,true,0.8333333333333334,0,9,0.0
3,84,true,0.9,0,18,0.0
3,85,true,0.8666666666666667,0,5,0.0
3,86,true,0.9222222222222223,0,22,0.0
3,87,true,0.8666666666666667,0,14,0.0
3,88,true,0.8407407407407408,0,14,0.0
3,89,true,0.825925925925926,0,11,0.0
3,90,true,0.9333333333333333,0,17,0.0
3,91,true,0.8333333333333334,0,11,0.0
3,92,true,0.8333333333333334,0,14,0.0
3,93,true,0.9666666666666667,0,21,0.0
3,94,true,0.7666666666666667,0,17,0.0
3,95,true,0.9333333333333333,0,24,0.0
3,96,true,0.8111111111111111,0,15,0.0
3,97,true,0.8555555555555555,0,21,0.0
3,98,true,0.8925925925925926,0,4,0.0
3,99,true,0.837037037037037,0,2,0.0
4,0,false,0.8333333333333334,0,77,0.0
4,1,false,0.9666666666666667,0,62,0.0
4,2,false,0.8,0,56,0.0
4,3,false,0.6666666666666666,0,55,0.0
4,4,false,0.8333333333333334,0,58,0.0
4,5,false,0.8777777777777778,0,52,0.0
4,6,false,0.7444444444444445,0,47,0.0
4,7,false,0.8222222222222222,0,69,0.0
4,8,false,0.8555555555555555,0,54,0.0
4,9,false,0.8481481481481481,0,66,0.0
4,10,false,0.8,0,49,0.0
4,11,false,0.7666666666666667,0,57,0.0
4,12,false,0.9,0,50,0.0
4,13,false,0.8,0,77,0.0
4,14,false,0.7333333333333333,0,63,0.0
4,15,false,0.9222222222222223,0,66,0.0
4,16,false,0.9111111111111111,0,59,0.0
4,17,false,0.8555555555555555,0,70,0.0
4,18,false,0.8074074074074075,0,74,0.0
4,19,false,0.8481481481481481,0,59,0.0
4,20,false,0.9666666666666667,0,42,0.0
4,21,false,0.9,0,38,0.0
4,22,false,1.0,0,52,0.0
4,23,false,0.9333333333333333,0,63,0.0
4,24,false,0.9333333333333333,0,58,0.0
4,25,false,0.9444444444444444,0,49,0.0
4,26,false,0.9333333333333333,0,75,0.0
4,27,false,0.9555555555555556,0,56,0.0
4,28,false,0.9666666666666667,0,29,0.0
4,29,false,0.937037037037037,0,64,0.0
4,30,false,0.9,0,60,0.0
4,31,false,0.9666666666666667,0,53,0.0
4,32,false,1.0,0,52,0.0
4,33,false,0.9333333333333333,0,27,0.0
4,34,false,0.9666666666666667,0,70,0.0
4,35,false,0.9888888888888889,0,59,0.0
4,36,false,0.9666666666666667,0,47,0.0
4,37,false,0.9777777777777777,0,41,0.0
4,38,false,0.9555555555555556,0,55,0.0
4,39,false,0.9111111111111111,0,55,0.0
4,40,false,0.9333333333333333,0,56,0.0
4,41,false,0.7666666666666667,0,38,0.0
4,42,false,0.8666666666666667,0,23,0.0
4,43,false,0.9333333333333333,0,40,0.0
4,44,false,0.9666666666666667,0,25,0.0
4,45,false,0.8888888888888888,0,34,0.0
4,46,false,0.9333333333333333,0,40,0.0
4,47,false,0.9222222222222223,0,27,0.0
4,48,false,0.8814814814814815,0,47,0.0
4,49,false,0.9296296296296296,0,36,0.0
4,50,false,0.9,0,16,0.0
4,51,false,0.8666666666666667,0,30,0.0
4,52,false,0.8666666666666667,0,56,0.0
4,53,false,0.9666666666666667,0,22,0.0
4,54,false,0.9,0,28,0.0
4,55,false,0.9,0,39,0.0
4,56,false,0.9333333333333333,0,34,0.0
4,57,false,0.9,0,36,0.0
4,58,false,0.8777777777777778,0,39,0.0
4,59,false,0.9037037037037037,0,50,0.0
4,60,true,0.8333333333333334,0,12,0.0
4,61,true,0.7333333333333333,0,10,0.0
4,62,true,0.7666666666666667,0,7,0.0
4,63,true,0.6333333333333333,0,10,0.0
4,64,true,0.9,0,29,0.0
4,65,true,0.8555555555555555,0,20,0.0
4,66,true,0.8888888888888888,0,19,0.0
4,67,true,0.8222222222222222,0,16,0.0
4,68,true,0.8148148148148148,0,24,0.0
4,69,true,0.7851851851851852,0,11,0.0
4,70,true,0.8333333333333334,0,4,0.0
4,71,true,0.9,0,8,0.0
4,72,true,0.8666666666666667,0,29,0.0
4,73,true,0.7666666666666667,0,4,0.0
4,74,true,0.7666666666666667,0,13,0.0
4,75,true,0.7777777777777778,0,9,0.0
4,76,true,0.8222222222222222,0,19,0.0
4,77,true,0.8555555555555555,0,14,0.0
4,78,true,0.7666666666666667,0,23,0.0
4,79,true,0.7925925925925926,0,23,0.0
4,80,false,1.0,0,38,0.0
4,81,false,1.0,0,52,0.0
4,82,false,1.0,0,27,0.0
4,83,false,1.0,0,28,0.0
4,84,false,1.0,0,21,0.0
4,85,false,1.0,0,40,0.0
4,86,false,1.0,0,59,0.0
4,87,false,1.0,0,51,0.0
4,88,false,1.0,0,51,0.0
4,89,false,1.0,0,38,0.0
4,90,false,1.0,0,54,0.0
4,91,false,1.0,0,26,0.0
4,92,false,1.0,0,33,0.0
4,93,false,1.0,0,48,0.0
4,94,false,1.0,0,54,0.0
4,95,false,1.0,0,21,0.0
4,96,false,1.0,0,36,0.0
4,97,false,1.0,0,44,0.0
4,98,false,1.0,0,39,0.0
4,99,false,1.0,0,37,0.0
5,0,true,0.8333333333333334,0,15,0.0
5,1,true,0.9666666666666667,0,10,0.0
5,2,true,0.8,0,6,0.0
5,3,true,0.6666666666666666,0,9,0.0
5,4,true,0.8,0,8,0.0
5,5,true,0.8555555555555555,0,24,0.0
5,6,true,0.7111111111111111,0,17,0.0
5,7,true,0.8222222222222222,0,7,0.0
5,8,true,0.8111111111111111,0,18,0.0
5,9,true,0.8037037037037037,0,12,0.0
5,10,true,0.8,0,17,0.0
5,11,true,0.7666666666666667,0,5,0.0
5,12,true,0.8333333333333334,0,18,0.0
5,13,true,0.8,0,15,0.0
5,14,true,0.6666666666666666,0,17,0.0
5,15,true,0.8666666666666667,0,12,0.0
5,16,true,0.8888888888888888,0,27,0.0
5,17,true,0.8444444444444444,0,8,0.0
5,18,true,0.7518518518518519,0,12,0.0
5,19,true,0.8037037037037037,0,5,0.0
5,20,false,0.9666666666666667,0,52,0.0
5,21,false,0.9,0,46,0.0
5,22,false,1.0,0,64,0.0
5,23,false,0.9333333333333333,0,63,0.0
5,24,false,0.9,0,40,0.0
5,25,false,0.9,0,55,0.0
5,26,false,0.9,0,57,0.0
5,27,false,0.9111111111111111,0,38,0.0
5,28,false,0.8962962962962963,0,41,0.0
5,29,false,0.9148148148148149,0,64,0.0
5,30,false,0.7,0,56,0.0
5,31,false,0.9666666666666667,0,37,0.0
5,32,false,0.9333333333333333,0,60,0.0
5,33,false,0.8333333333333334,0,43,0.0
5,34,false,0.9666666666666667,0,58,0.0
5,35,false,0.9444444444444444,0,41,0.0
5,36,false,0.9222222222222223,0,47,0.0
5,37,false,0.9333333333333333,0,45,0.0
5,38,false,0.8962962962962963,0,49,0.0
5,39,false,0.8629629629629629,0,37,0.0
5,40,false,0.7666666666666667,0,118,0.0
5,41,false,0.7333333333333333,0,100,0.0
5,42,false,0.8,0,73,0.0
5,43,false,0.9333333333333333,0,102,0.0
5,44,false,0.9,0,87,0.0
5,45,false,0.8444444444444444,0,96,0.0
5,46,false,0.9111111111111111,0,78,0.0
5,47,false,0.8777777777777778,0,71,0.0
5,48,false,0.8222222222222222,0,83,0.0
5,49,false,0.8962962962962963,0,98,0.0
5,50,false,0.9,0,78,0.0
5,51,false,0.8333333333333334,0,92,0.0
5,52,false,0.8333333333333334,0,118,0.0
5,53,false,0.9333333333333333,0,84,0.0
5,54,false,0.8666666666666667,0,90,0.0
5,55,false,0.8333333333333334,0,71,0.0
5,56,false,0.8777777777777778,0,96,0.0
5,57,false,0.8111111111111111,0,84,0.0
5,58,false,0.8148148148148148,0,101,0.0
5,59,false,0.8666666666666667,0,80,0.0
5,60,false,1.0,0,50,0.0
5,61,false,1.0,0,72,0.0
5,62,false,1.0,0,57,0.0
5,63,false,1.0,0,56,0.0
5,64,false,1.0,0,91,0.0
5,65,false,1.0,0,42,0.0
5,66,false,1.0,0,51,0.0
5,67,false,1.0,0,72,0.0
5,68,false,1.0,0,38,0.0
5,69,false,1.0,0,55,0.0
5,70,false,1.0,0,66,0.0
5,71,false,1.0,0,64,0.0
5,72,false,1.0,0,79,0.0
5,73,false,1.0,0,66,0.0
5,74,false,1.0,0,49,0.0
5,75,false,1.0,0,53,0.0
5,76,false,1.0,0,81,0.0
5,77,false,1.0,0,76,0.0
5,78,false,1.0,0,57,0.0
5,79,false,1.0,0,73,0.0
5,80,false,0.9666666666666667,0,48,0.0
5,81,false,1.0,0,70,0.0
5,82,false,0.9333333333333333,0,45,0.0
5,83,false,0.9,0,46,0.0
5,84,false,1.0,0,41,0.0
5,85,false,0.9666666666666667,0,58,0.0
5,86,false,0.9444444444444444,0,77,0.0
5,87,false,0.9,0,69,0.0
5,88,false,0.9444444444444444,0,69,0.0
5,89,false,0.9555555555555556,0,56,0.0
5,90,false,0.8666666666666667,0,72,0.0
5,91,false,0.9666666666666667,0,44,0.0
5,92,false,0.9666666666666667,0,41,0.0
5,93,false,1.0,0,66,0.0
5,94,false,0.9666666666666667,0,72,0.0
5,95,false,0.9555555555555556,0,41,0.0
5,96,false,0.9666666666666667,0,40,0.0
5,97,false,0.9777777777777777,0,36,0.0
5,98,false,0.9407407407407408,0,57,0.0
5,99,false,0.9481481481481482,0,55,0.0
6,0,false,1.0,0,105,0.0
6,1,false,1.0,0,90,0.0
6,2,false,1.0,0,84,0.0
6,3,false,1.0,0,83,0.0
6,4,false,1.0,0,86,0.0
6,5,false,1.0,0,80,0.0
6,6,false,1.0,0,75,0.0
6,7,false,1.0,0,97,0.0
6,8,false,1.0,0,82,0.0
6,9,false,1.0,0,94,0.0
6,10,false,1.0,0,77,0.0
6,11,false,1.0,0,85,0.0
6,12,false,1.0,0,78,0.0
6,13,false,1.0,0,105,0.0
6,14,false,1.0,0,91,0.0
6,15,false,1.0,0,94,0.0
6,16,false,1.0,0,87,0.0
6,17,false,1.0,0,98,0.0
6,18,false,1.0,0,102,0.0
6,19,false,1.0,0,87,0.0
6,20,false,0.9333333333333333,0,38,0.0
6,21,false,0.8333333333333334,0,44,0.0
6,22,false,1.0,0,30,0.0
6,23,false,0.8333333333333334,0,41,0.0
6,24,false,0.8666666666666667,1,68,0.014705882352941176
6,25,true,0.8444444444444444,4,35,0.11428571428571428
6,26,true,0.8666666666666667,9,53,0.16981132075471697
6,27,false,0.8888888888888888,0,56,0.0
6,28,true,0.8296296296296296,25,49,0.5102040816326531
6,29,true,0.8777777777777778,14,42,0.3333333333333333
6,30,true,0.6666666666666666,3,38,0.07894736842105263
6,31,false,0.9333333333333333,1,53,0.018867924528301886
6,32,false,0.8666666666666667,1,30,0.03333333333333333
6,33,false,0.7,1,47,0.02127659574468085
6,34,false,0.9,0,48,0.0
6,35,true,0.8888888888888888,4,67,0.05970149253731343
6,36,false,0.9222222222222223,0,43,0.0
6,37,true,0.9,2,45,0.044444444444444446
6,38,true,0.8074074074074075,20,41,0.4878048780487805
6,39,true,0.8333333333333334,21,69,0.30434782608695654
6,40,true,0.7666666666666667,3,28,0.10714285714285714
6,41,true,0.7,2,26,0.07692307692307693
6,42,true,0.7333333333333333,1,17,0.058823529411764705
6,43,true,0.9333333333333333,1,12,0.08333333333333333
6,44,false,0.9,0,11,0.0
6,45,false,0.8444444444444444,0,6,0.0
6,46,true,0.9,3,18,0.16666666666666666
6,47,true,0.8777777777777778,6,19,0.3157894736842105
6,48,false,0.7777777777777778,0,25,0.0
6,49,true,0.8296296296296296,21,10,2.1
6,50,false,0.9,0,12,0.0
6,51,true,0.7666666666666667,1,16,0.0625
6,52,false,0.7666666666666667,1,28,0.03571428571428571
6,53,true,0.8666666666666667,2,6,0.3333333333333333
6,54,true,0.8,1,2,0.5
6,55,false,0.7777777777777778,0,19,0.0
6,56,false,0.8333333333333334,0,18,0.0
6,57,false,0.7777777777777778,0,14,0.0
6,58,false,0.774074074074074,0,13,0.0
6,59,true,0.7777777777777778,32,28,1.1428571428571428
6,60,false,0.9666666666666667,0,40,0.0
6,61,false,0.8666666666666667,0,18,0.0
6,62,false,1.0,0,33,0.0
6,63,false,0.9,0,34,0.0
6,64,false,0.9333333333333333,0,35,0.0
6,65,false,0.9777777777777777,0,48,0.0
6,66,false,0.9444444444444444,0,39,0.0
6,67,false,0.9222222222222223,0,38,0.0
6,68,false,0.9444444444444444,0,52,0.0
6,69,false,0.937037037037037,0,35,0.0
6,70,false,0.9,0,24,0.0
6,71,false,0.9333333333333333,0,26,0.0
6,72,false,1.0,0,51,0.0
6,73,false,0.9333333333333333,0,24,0.0
6,74,false,1.0,0,41,0.0
6,75,false,0.9333333333333333,0,37,0.0
6,76,false,0.9444444444444444,0,35,0.0
6,77,false,0.9444444444444444,0,26,0.0
6,78,false,0.9481481481481482,0,33,0.0
6,79,false,0.9555555555555556,0,45,0.0
6,80,false,0.8666666666666667,0,66,0.0
6,81,false,0.9666666666666667,0,74,0.0
6,82,false,0.9,0,49,0.0
6,83,false,0.8333333333333334,0,50,0.0
6,84,false,0.9333333333333333,0,49,0.0
6,85,false,0.8888888888888888,0,62,0.0
6,86,false,0.9222222222222223,0,81,0.0
6,87,false,0.8555555555555555,3,73,0.0410958904109589
6,88,false,0.9,0,73,0.0
6,89,false,0.8962962962962963,0,62,0.0
6,90,false,0.8333333333333334,0,76,0.0
6,91,false,0.9666666666666667,0,48,0.0
6,92,false,0.9,0,61,0.0
6,93,false,0.9666666666666667,0,70,0.0
6,94,false,0.9666666666666667,0,76,0.0
6,95,false,0.9333333333333333,0,49,0.0
6,96,false,0.9222222222222223,0,64,0.0
6,97,false,0.9333333333333333,0,72,0.0
6,98,false,0.9222222222222223,0,61,0.0
6,99,false,0.8925925925925926,0,59,0.0
7,0,false,0.9666666666666667,0,61,0.0
7,1,false,0.9333333333333333,0,46,0.0
7,2,false,0.9666666666666667,0,40,0.0
7,3,false,0.9666666666666667,0,43,0.0
7,4,false,0.9333333333333333,0,42,0.0
7,5,false,0.9444444444444444,0,36,0.0
7,6,false,0.9888888888888889,0,31,0.0
7,7,true,0.9444444444444444,4,53,0.07547169811320754
7,8,false,0.9555555555555556,0,38,0.0
7,9,true,0.9185185185185185,11,50,0.22
7,10,false,0.9666666666666667,0,51,0.0
7,11,false,0.9666666666666667,0,41,0.0
7,12,true,0.9,2,34,0.058823529411764705
7,13,false,0.9666666666666667,0,61,0.0
7,14,false,0.9666666666666667,0,47,0.0
7,15,true,0.9111111111111111,8,50,0.16
7,16,false,0.9777777777777777,0,61,0.0
7,17,false,0.9777777777777777,0,54,0.0
7,18,true,0.9592592592592593,1,58,0.017241379310344827
7,19,false,0.9518518518518518,0,43,0.0
7,20,false,0.9,0,10,0.0
7,21,true,0.7666666666666667,1,14,0.07142857142857142
7,22,false,0.8666666666666667,0,18,0.0
7,23,false,0.8,0,17,0.0
7,24,false,0.8,0,24,0.0
7,25,false,1.0,0,9,0.0
7,26,false,1.0,5,23,0.21739130434782608
7,27,false,0.8666666666666667,0,12,0.0
7,28,false,1.0,11,23,0.4782608695652174
7,29,false,1.0,10,18,0.5555555555555556
7,30,false,1.0,0,10,0.0
7,31,true,0.8,2,9,0.2222222222222222
7,32,true,0.7666666666666667,3,14,0.21428571428571427
7,33,true,0.6,2,25,0.08
7,34,true,0.8333333333333334,3,18,0.16666666666666666
7,35,false,1.0,0,23,0.0
7,36,true,0.8555555555555555,9,5,1.8
7,37,false,1.0,0,11,0.0
7,38,false,1.0,2,3,0.6666666666666666
7,39,false,1.0,7,25,0.28
7,40,false,1.0,0,72,0.0
7,41,false,1.0,0,56,0.0
7,42,false,1.0,0,29,0.0
7,43,false,1.0,0,56,0.0
7,44,false,0.8666666666666667,0,41,0.0
7,45,false,0.8,0,50,0.0
7,46,false,1.0,0,32,0.0
7,47,false,1.0,0,25,0.0
7,48,false,0.7407407407407407,0,37,0.0
7,49,false,1.0,0,52,0.0
7,50,false,0.8666666666666667,0,36,0.0
7,51,false,1.0,0,46,0.0
7,52,false,0.7333333333333333,0,72,0.0
7,53,false,1.0,0,38,0.0
7,54,false,1.0,0,44,0.0
7,55,false,0.7555555555555555,0,25,0.0
7,56,false,0.7777777777777778,0,50,0.0
7,57,false,0.7333333333333333,0,38,0.0
7,58,false,0.7407407407407407,0,55,0.0
7,59,false,1.0,0,34,0.0
7,60,false,0.9,0,40,0.0
7,61,false,0.8,0,44,0.0
7,62,false,0.9333333333333333,0,45,0.0
7,63,false,0.9,0,62,0.0
7,64,false,0.8,0,65,0.0
7,65,false,0.9333333333333333,0,48,0.0
7,66,true,0.8666666666666667,1,33,0.030303030303030304
7,67,true,0.8888888888888888,2,68,0.029411764705882353
7,68,false,0.8888888888888888,0,46,0.0
7,69,false,0.8962962962962963,0,41,0.0
7,70,false,0.9,0,52,0.0
7,71,false,0.8666666666666667,0,44,0.0
7,72,false,0.9,0,81,0.0
7,73,false,0.9,0,50,0.0
7,74,false,0.9333333333333333,0,47,0.0
7,75,false,0.9111111111111111,0,53,0.0
7,76,false,0.9,0,65,0.0
7,77,false,0.9,0,56,0.0
7,78,true,0.8666666666666667,6,29,0.20689655172413793
7,79,false,0.9074074074074074,0,75,0.0
7,80,false,0.8666666666666667,0,82,0.0
7,81,false,0.9,0,104,0.0
7,82,false,0.8666666666666667,1,79,0.012658227848101266
7,83,false,0.8,0,80,0.0
7,84,false,0.9,0,71,0.0
7,85,false,0.8555555555555555,0,92,0.0
7,86,false,0.8777777777777778,0,111,0.0
7,87,true,0.8222222222222222,8,103,0.07766990291262135
7,88,true,0.8333333333333334,11,103,0.10679611650485436
7,89,true,0.8444444444444444,13,90,0.14444444444444443
7,90,false,0.8,1,106,0.009433962264150943
7,91,false,0.9,0,78,0.0
7,92,false,0.8666666666666667,0,75,0.0
7,93,false,0.9333333333333333,0,100,0.0
7,94,false,0.9,1,106,0.009433962264150943
7,95,false,0.8888888888888888,0,65,0.0
7,96,false,0.9,0,74,0.0
7,97,true,0.9,4,70,0.05714285714285714
7,98,true,0.8703703703703703,10,91,0.10989010989010989
7,99,true,0.8296296296296296,12,89,0.1348314606741573
8,0,false,0.8666666666666667,0,58,0.0
8,1,false,0.9,0,45,0.0
8,2,false,0.8666666666666667,0,51,0.0
8,3,false,0.9666666666666667,0,46,0.0
8,4,false,0.8666666666666667,0,47,0.0
8,5,false,0.9111111111111111,0,79,0.0
8,6,false,0.9555555555555556,0,72,0.0
8,7,false,1.0,0,60,0.0
8,8,false,0.8925925925925926,0,73,0.0
8,9,false,1.0,0,67,0.0
8,10,false,0.9333333333333333,0,38,0.0
8,11,false,0.9666666666666667,0,60,0.0
8,12,false,1.0,0,73,0.0
8,13,false,0.9333333333333333,0,54,0.0
8,14,false,0.9666666666666667,0,72,0.0
8,15,false,1.0,0,43,0.0
8,16,false,0.9,0,36,0.0
8,17,false,0.9111111111111111,0,49,0.0
8,18,false,1.0,0,51,0.0
8,19,false,0.8851851851851852,0,60,0.0
8,20,false,0.8666666666666667,0,79,0.0
8,21,false,1.0,0,75,0.0
8,22,false,0.7666666666666667,0,89,0.0
8,23,false,0.7333333333333333,0,100,0.0
8,24,false,0.7333333333333333,1,95,0.010526315789473684
8,25,false,0.9555555555555556,0,86,0.0
8,26,false,0.9888888888888889,0,112,0.0
8,27,false,0.8666666666666667,0,93,0.0
8,28,false,0.9407407407407408,0,66,0.0
8,29,false,0.9555555555555556,0,101,0.0
8,30,false,0.9333333333333333,0,97,0.0
8,31,false,1.0,0,90,0.0
8,32,false,1.0,0,89,0.0
8,33,false,1.0,0,64,0.0
8,34,false,1.0,0,107,0.0
8,35,false,0.9777777777777777,0,96,0.0
8,36,false,1.0,0,84,0.0
8,37,false,0.9222222222222223,1,78,0.01282051282051282
8,38,false,0.9296296296296296,0,92,0.0
8,39,false,0.9629629629629629,0,92,0.0
8,40,false,0.9666666666666667,0,79,0.0
8,41,false,0.9333333333333333,0,61,0.0
8,42,false,0.9333333333333333,0,60,0.0
8,43,false,0.9,0,69,0.0
8,44,false,0.7333333333333333,1,48,0.020833333333333332
8,45,false,0.7777777777777778,0,63,0.0
8,46,false,0.9888888888888889,0,77,0.0
8,47,false,0.9666666666666667,0,64,0.0
8,48,true,0.7185185185185186,2,84,0.023809523809523808
8,49,false,0.9555555555555556,0,59,0.0
8,50,false,0.8333333333333334,0,53,0.0
8,51,false,0.9666666666666667,0,53,0.0
8,52,false,0.6666666666666666,0,79,0.0
8,53,false,0.9333333333333333,0,53,0.0
8,54,false,0.9666666666666667,0,61,0.0
8,55,false,0.7444444444444445,0,76,0.0
8,56,false,0.7777777777777778,0,57,0.0
8,57,false,0.7111111111111111,0,73,0.0
8,58,true,0.7111111111111111,2,62,0.03225806451612903
8,59,false,0.9481481481481482,0,87,0.0
8,60,false,0.8333333333333334,0,49,0.0
8,61,false,0.7666666666666667,1,45,0.022222222222222223
8,62,true,0.9,1,44,0.022727272727272728
8,63,false,0.9,0,27,0.0
8,64,false,0.7666666666666667,1,52,0.019230769230769232
8,65,false,0.8888888888888888,0,41,0.0
8,66,false,1.0,0,56,0.0
8,67,false,1.0,0,33,0.0
8,68,true,0.837037037037037,20,43,0.46511627906976744
8,69,false,0.8296296296296296,0,48,0.0
8,70,true,0.8,3,37,0.08108108108108109
8,71,false,0.8333333333333334,1,45,0.022222222222222223
8,72,true,0.8666666666666667,1,40,0.025
8,73,true,0.9,2,39,0.05128205128205128
8,74,false,0.9333333333333333,0,42,0.0
8,75,false,0.8888888888888888,0,36,0.0
8,76,true,0.8666666666666667,3,42,0.07142857142857142
8,77,true,0.8333333333333334,1,37,0.02702702702702703
8,78,false,1.0,2,60,0.03333333333333333
8,79,true,0.8444444444444444,18,34,0.5294117647058824
8,80,false,0.8333333333333334,0,15,0.0
8,81,true,0.8666666666666667,2,15,0.13333333333333333
8,82,true,0.8,4,10,0.4
8,83,false,0.7666666666666667,0,9,0.0
8,84,false,0.8333333333333334,0,18,0.0
8,85,true,0.7777777777777778,8,5,1.6
8,86,true,0.8333333333333334,8,22,0.36363636363636365
8,87,false,1.0,4,14,0.2857142857142857
8,88,false,1.0,2,14,0.14285714285714285
8,89,false,1.0,7,11,0.6363636363636364
8,90,true,0.7666666666666667,4,17,0.23529411764705882
8,91,true,0.7666666666666667,3,11,0.2727272727272727
8,92,true,0.8333333333333334,1,14,0.07142857142857142
8,93,false,0.9,0,21,0.0
8,94,true,0.9,1,17,0.058823529411764705
8,95,true,0.8111111111111111,3,24,0.125
8,96,true,0.8777777777777778,4,15,0.26666666666666666
8,97,false,1.0,2,21,0.09523809523809523
8,98,false,1.0,5,4,1.25
8,99,false,1.0,6,2,3.0
9,0,false,0.8,0,77,0.0
9,1,false,0.8666666666666667,0,62,0.0
9,2,false,0.8333333333333334,0,56,0.0
9,3,false,0.8666666666666667,0,55,0.0
9,4,false,0.8666666666666667,0,58,0.0
9,5,false,0.8777777777777778,0,52,0.0
9,6,false,0.9444444444444444,0,47,0.0
9,7,false,0.9444444444444444,2,69,0.028985507246376812
9,8,true,0.8222222222222222,8,54,0.14814814814814814
9,9,false,0.9296296296296296,0,66,0.0
9,10,false,0.8333333333333334,0,49,0.0
9,11,false,0.9,0,57,0.0
9,12,false,0.9666666666666667,0,50,0.0
9,13,false,0.8666666666666667,0,77,0.0
9,14,false,0.9333333333333333,0,63,0.0
9,15,false,0.9444444444444444,0,66,0.0
9,16,false,0.8555555555555555,1,59,0.01694915254237288
9,17,false,0.8666666666666667,2,70,0.02857142857142857
9,18,false,0.9333333333333333,0,74,0.0
9,19,false,0.8481481481481481,0,59,0.0
9,20,false,0.8666666666666667,0,42,0.0
9,21,false,0.9,0,38,0.0
9,22,false,0.7333333333333333,1,52,0.019230769230769232
9,23,false,0.7,0,63,0.0
9,24,false,0.6666666666666666,2,58,0.034482758620689655
9,25,true,0.8888888888888888,5,49,0.10204081632653061
9,26,false,0.9777777777777777,0,75,0.0
9,27,false,0.8555555555555555,0,56,0.0
9,28,true,0.9074074074074074,5,29,0.1724137931034483
9,29,true,0.8851851851851852,12,64,0.1875
9,30,false,0.8666666666666667,1,60,0.016666666666666666
9,31,false,0.9666666666666667,0,53,0.0
9,32,false,0.9333333333333333,0,52,0.0
9,33,false,0.9666666666666667,0,27,0.0
9,34,false,1.0,0,70,0.0
9,35,false,0.9555555555555556,0,59,0.0
9,36,false,0.9666666666666667,0,47,0.0
9,37,true,0.8666666666666667,7,41,0.17073170731707318
9,38,false,0.8777777777777778,0,55,0.0
9,39,true,0.9074074074074074,2,55,0.03636363636363636
9,40,true,0.9,2,56,0.03571428571428571
9,41,false,0.9,1,38,0.02631578947368421
9,42,false,0.8666666666666667,0,23,0.0
9,43,false,0.8666666666666667,1,40,0.025
9,44,true,0.7333333333333333,2,25,0.08
9,45,false,0.7444444444444445,0,34,0.0
9,46,false,0.9666666666666667,0,40,0.0
9,47,false,0.9444444444444444,0,27,0.0
9,48,false,1.0,0,47,0.0
9,49,true,0.8925925925925926,14,36,0.3888888888888889
9,50,false,0.8333333333333334,0,16,0.0
9,51,false,0.9333333333333333,1,30,0.03333333333333333
9,52,true,0.6333333333333333,2,56,0.03571428571428571
9,53,false,0.9333333333333333,0,22,0.0
9,54,false,0.9,0,28,0.0
9,55,false,0.7333333333333333,0,39,0.0
9,56,false,0.7555555555555555,0,34,0.0
9,57,false,0.7,0,36,0.0
9,58,false,1.0,0,39,0.0
9,59,true,0.8925925925925926,13,50,0.26
9,60,true,0.7,2,12,0.16666666666666666
9,61,true,0.7666666666666667,1,10,0.1
9,62,false,1.0,0,7,0.0
9,63,true,0.8333333333333334,1,10,0.1
9,64,true,0.7333333333333333,2,29,0.06896551724137931
9,65,true,0.8555555555555555,1,20,0.05
9,66,false,0.9888888888888889,0,19,0.0
9,67,false,0.9,0,16,0.0
9,68,false,1.0,7,24,0.2916666666666667
9,69,true,0.7814814814814814,29,11,2.6363636363636362
9,70,false,1.0,1,4,0.25
9,71,true,0.7666666666666667,2,8,0.25
9,72,false,1.0,0,29,0.0
9,73,false,1.0,1,4,0.25
9,74,false,0.9,0,13,0.0
9,75,true,0.8222222222222222,6,9,0.6666666666666666
9,76,false,1.0,1,19,0.05263157894736842
9,77,false,1.0,0,14,0.0
9,78,true,0.9666666666666667,11,23,0.4782608695652174
9,79,false,1.0,7,23,0.30434782608695654
9,80,false,0.8333333333333334,0,38,0.0
9,81,false,1.0,0,52,0.0
9,82,false,1.0,0,27,0.0
9,83,false,0.7666666666666667,0,28,0.0
9,84,false,0.8333333333333334,0,21,0.0
9,85,false,1.0,0,40,0.0
9,86,false,1.0,0,59,0.0
9,87,false,1.0,0,51,0.0
9,88,false,0.9444444444444444,0,51,0.0
9,89,false,0.9518518518518518,0,38,0.0
9,90,false,1.0,0,54,0.0
9,91,false,1.0,0,26,0.0
9,92,false,1.0,0,33,0.0
9,93,false,0.8333333333333334,0,48,0.0
9,94,false,1.0,0,54,0.0
9,95,false,1.0,0,21,0.0
9,96,false,1.0,0,36,0.0
9,97,false,0.9666666666666667,0,44,0.0
9,98,false,0.9518518518518518,0,39,0.0
9,99,false,0.9518518518518518,0,37,0.0
10,0,true,0.7333333333333333,3,15,0.2
10,1,true,0.8666666666666667,1,10,0.1
10,2,true,0.7666666666666667,4,6,0.6666666666666666
10,3,true,0.8666666666666667,1,9,0.1111111111111111
10,4,true,0.8,2,8,0.25
10,5,true,0.8333333333333334,5,24,0.20833333333333334
10,6,true,0.8888888888888888,9,17,0.5294117647058824
10,7,true,0.9,15,7,2.142857142857143
10,8,false,1.0,11,18,0.6111111111111112
10,9,true,0.8481481481481481,23,12,1.9166666666666667
10,10,true,0.8,2,17,0.11764705882352941
10,11,true,0.9,1,5,0.2
10,12,false,0.9666666666666667,1,18,0.05555555555555555
10,13,false,0.8666666666666667,0,15,0.0
10,14,false,0.8333333333333334,1,17,0.058823529411764705
10,15,true,0.9222222222222223,7,12,0.5833333333333334
10,16,true,0.8222222222222222,7,27,0.25925925925925924
10,17,true,0.8333333333333334,9,8,1.125
10,18,true,0.8888888888888888,24,12,2.0
10,19,true,0.8222222222222222,11,5,2.2
10,20,false,0.8333333333333334,0,52,0.0
10,21,false,0.9,0,46,0.0
10,22,false,0.7,0,64,0.0
10,23,false,0.6,0,63,0.0
10,24,false,0.6666666666666666,1,40,0.025
10,25,false,1.0,0,55,0.0
10,26,false,0.9444444444444444,0,57,0.0
10,27,false,0.8444444444444444,0,38,0.0
10,28,false,1.0,0,41,0.0
10,29,false,1.0,0,64,0.0
10,30,false,0.8333333333333334,1,56,0.017857142857142856
10,31,false,0.9666666666666667,0,37,0.0
10,32,false,0.9,0,60,0.0
10,33,false,0.9333333333333333,0,43,0.0
10,34,false,0.9666666666666667,0,58,0.0
10,35,false,0.9333333333333333,0,41,0.0
10,36,false,0.9555555555555556,0,47,0.0
10,37,false,1.0,0,45,0.0
10,38,false,0.825925925925926,0,49,0.0
10,39,false,1.0,0,37,0.0
10,40,false,1.0,0,118,0.0
10,41,false,0.8333333333333334,0,100,0.0
10,42,false,0.8,1,73,0.0136986301369863
10,43,false,0.8333333333333334,0,102,0.0
10,44,false,1.0,0,87,0.0
10,45,false,0.7222222222222222,0,96,0.0
10,46,false,0.9444444444444444,0,78,0.0
10,47,false,0.8888888888888888,2,71,0.028169014084507043
10,48,false,0.9444444444444444,0,83,0.0
10,49,false,1.0,0,98,0.0
10,50,false,0.7333333333333333,0,78,0.0
10,51,false,0.7666666666666667,1,92,0.010869565217391304
10,52,false,1.0,0,118,0.0
10,53,false,0.8333333333333334,0,84,0.0
10,54,false,0.9,0,90,0.0
10,55,false,0.7,0,71,0.0
10,56,false,0.7222222222222222,0,96,0.0
10,57,false,0.6777777777777778,0,84,0.0
10,58,false,0.9444444444444444,0,101,0.0
10,59,false,1.0,0,80,0.0
10,60,false,1.0,0,50,0.0
10,61,false,1.0,0,72,0.0
10,62,false,0.9333333333333333,0,57,0.0
10,63,false,1.0,0,56,0.0
10,64,false,1.0,0,91,0.0
10,65,false,1.0,0,42,0.0
10,66,false,0.9111111111111111,0,51,0.0
10,67,false,0.8444444444444444,7,72,0.09722222222222222
10,68,false,0.9296296296296296,1,38,0.02631578947368421
10,69,false,1.0,0,55,0.0
10,70,false,0.9666666666666667,0,66,0.0
10,71,false,1.0,0,64,0.0
10,72,false,0.9666666666666667,0,79,0.0
10,73,false,0.9333333333333333,0,66,0.0
10,74,false,0.9,0,49,0.0
10,75,false,1.0,0,53,0.0
10,76,false,0.9444444444444444,1,81,0.012345679012345678
10,77,false,0.9777777777777777,0,76,0.0
10,78,false,1.0,0,57,0.0
10,79,false,0.937037037037037,0,73,0.0
10,80,false,0.8,0,48,0.0
10,81,false,0.9666666666666667,0,70,0.0
10,82,false,0.9333333333333333,1,45,0.022222222222222223
10,83,false,0.7333333333333333,1,46,0.021739130434782608
10,84,false,0.7666666666666667,1,41,0.024390243902439025
10,85,false,0.9,0,58,0.0
10,86,false,0.9555555555555556,1,77,0.012987012987012988
10,87,false,0.9222222222222223,5,69,0.07246376811594203
10,88,true,0.9,7,69,0.10144927536231885
10,89,true,0.9148148148148149,12,56,0.21428571428571427
10,90,false,1.0,0,72,0.0
10,91,false,0.8,2,44,0.045454545454545456
10,92,false,0.9333333333333333,0,41,0.0
10,93,false,0.7666666666666667,1,66,0.015151515151515152
10,94,false,0.9333333333333333,0,72,0.0
10,95,false,0.9555555555555556,2,41,0.04878048780487805
10,96,false,0.9555555555555556,0,40,0.0
10,97,true,0.8888888888888888,7,36,0.19444444444444445
10,98,true,0.9074074074074074,15,57,0.2631578947368421
10,99,false,0.9148148148148149,0,55,0.0
11,0,false,1.0,0,105,0.0
11,1,false,1.0,0,90,0.0
11,2,false,1.0,0,84,0.0
11,3,false,1.0,0,83,0.0
11,4,false,1.0,0,86,0.0
11,5,false,1.0,0,80,0.0
11,6,false,1.0,0,75,0.0
11,7,false,1.0,1,97,0.010309278350515464
11,8,false,0.9296296296296296,4,82,0.04878048780487805
11,9,false,1.0,0,94,0.0
11,10,false,1.0,0,77,0.0
11,11,false,1.0,0,85,0.0
11,12,false,0.8666666666666667,0,78,0.0
11,13,false,0.7666666666666667,0,105,0.0
11,14,false,0.8,1,91,0.01098901098901099
11,15,false,1.0,0,94,0.0
11,16,false,1.0,0,87,0.0
11,17,false,1.0,0,98,0.0
11,18,false,1.0,0,102,0.0
11,19,false,1.0,0,87,0.0
11,20,false,0.8,0,38,0.0
11,21,false,0.8,2,44,0.045454545454545456
11,22,true,0.7,3,30,0.1
11,23,false,0.6,2,41,0.04878048780487805
11,24,false,0.6333333333333333,2,68,0.029411764705882353
11,25,false,0.9777777777777777,0,35,0.0
11,26,false,0.9,1,53,0.018867924528301886
11,27,false,0.8222222222222222,0,56,0.0
11,28,false,0.9518518518518518,0,49,0.0
11,29,true,0.9592592592592593,11,42,0.2619047619047619
11,30,false,0.8,2,38,0.05263157894736842
11,31,false,0.9333333333333333,0,53,0.0
11,32,true,0.8333333333333334,2,30,0.06666666666666667
11,33,false,0.8666666666666667,0,47,0.0
11,34,false,0.8333333333333334,1,48,0.020833333333333332
11,35,false,0.8444444444444444,3,67,0.04477611940298507
11,36,false,0.9333333333333333,2,43,0.046511627906976744
11,37,true,0.9111111111111111,9,45,0.2
11,38,true,0.7703703703703704,20,41,0.4878048780487805
11,39,false,0.9555555555555556,3,69,0.043478260869565216
11,40,true,0.8666666666666667,4,28,0.14285714285714285
11,41,false,0.8333333333333334,1,26,0.038461538461538464
11,42,true,0.7333333333333333,5,17,0.29411764705882354
11,43,true,0.8,1,12,0.08333333333333333
11,44,false,1.0,0,11,0.0
11,45,false,0.6777777777777778,0,6,0.0
11,46,true,0.8888888888888888,6,18,0.3333333333333333
11,47,true,0.8555555555555555,9,19,0.47368421052631576
11,48,true,0.9148148148148149,13,25,0.52
11,49,true,0.9518518518518518,10,10,1.0
11,50,true,0.7,2,12,0.16666666666666666
11,51,true,0.7666666666666667,4,16,0.25
11,52,false,0.9666666666666667,1,28,0.03571428571428571
11,53,true,0.8,2,6,0.3333333333333333
11,54,false,0.8666666666666667,0,2,0.0
11,55,false,0.6777777777777778,0,19,0.0
11,56,true,0.6888888888888889,1,18,0.05555555555555555
11,57,false,0.6666666666666666,0,14,0.0
11,58,true,0.8888888888888888,26,13,2.0
11,59,true,0.9407407407407408,7,28,0.25
11,60,false,0.8666666666666667,0,40,0.0
11,61,false,0.9666666666666667,0,18,0.0
11,62,false,0.9,0,33,0.0
11,63,false,0.9,1,34,0.029411764705882353
11,64,false,0.9666666666666667,0,35,0.0
11,65,false,0.9888888888888889,0,48,0.0
11,66,false,0.8666666666666667,0,39,0.0
11,67,true,0.8111111111111111,3,38,0.07894736842105263
11,68,false,0.8851851851851852,0,52,0.0
11,69,false,0.9481481481481482,0,35,0.0
11,70,false,0.9333333333333333,0,24,0.0
11,71,false,0.9666666666666667,0,26,0.0
11,72,false,0.9,0,51,0.0
11,73,false,0.8666666666666667,0,24,0.0
11,74,false,0.8333333333333334,0,41,0.0
11,75,false,1.0,0,37,0.0
11,76,false,0.8888888888888888,0,35,0.0
11,77,false,0.9333333333333333,0,26,0.0
11,78,false,0.937037037037037,0,33,0.0
11,79,false,0.8888888888888888,0,45,0.0
11,80,false,0.7666666666666667,0,66,0.0
11,81,false,0.9333333333333333,0,74,0.0
11,82,false,0.8666666666666667,2,49,0.04081632653061224
11,83,false,0.7333333333333333,0,50,0.0
11,84,false,0.7666666666666667,0,49,0.0
11,85,false,0.8444444444444444,0,62,0.0
11,86,false,0.9222222222222223,0,81,0.0
11,87,true,0.8666666666666667,5,73,0.0684931506849315
11,88,false,1.0,0,73,0.0
11,89,false,1.0,0,62,0.0
11,90,false,0.9666666666666667,0,76,0.0
11,91,false,0.7666666666666667,1,48,0.020833333333333332
11,92,false,0.9,0,61,0.0
11,93,false,0.7666666666666667,0,70,0.0
11,94,false,0.8666666666666667,1,76,0.013157894736842105
11,95,false,0.9111111111111111,0,49,0.0
11,96,false,0.9333333333333333,0,64,0.0
11,97,false,1.0,0,72,0.0
11,98,false,1.0,0,61,0.0
11,99,false,0.8444444444444444,0,59,0.0
12,0,false,0.9666666666666667,0,61,0.0
12,1,false,0.9,1,46,0.021739130434782608
12,2,false,0.9,1,40,0.025
12,3,false,1.0,0,43,0.0
12,4,false,0.9666666666666667,0,42,0.0
12,5,false,0.9444444444444444,0,36,0.0
12,6,false,0.9444444444444444,0,31,0.0
12,7,true,0.9666666666666667,6,53,0.11320754716981132
12,8,true,0.8962962962962963,12,38,0.3157894736842105
12,9,true,0.9555555555555556,7,50,0.14
12,10,false,0.9666666666666667,0,51,0.0
12,11,false,0.9666666666666667,0,41,0.0
12,12,false,0.7666666666666667,1,34,0.029411764705882353
12,13,false,0.7333333333333333,1,61,0.01639344262295082
12,14,false,0.7666666666666667,1,47,0.02127659574468085
12,15,false,0.9777777777777777,0,50,0.0
12,16,false,0.9222222222222223,0,61,0.0
12,17,false,0.9333333333333333,0,54,0.0
12,18,false,0.9851851851851852,1,58,0.017241379310344827
12,19,false,0.937037037037037,2,43,0.046511627906976744
12,20,true,0.7,2,10,0.2
12,21,true,0.7,4,14,0.2857142857142857
12,22,false,1.0,0,18,0.0
12,23,true,0.5333333333333333,2,17,0.11764705882352941
12,24,true,0.6333333333333333,3,24,0.125
12,25,true,0.9555555555555556,3,9,0.3333333333333333
12,26,true,0.8333333333333334,6,23,0.2608695652173913
12,27,false,0.8111111111111111,0,12,0.0
12,28,true,0.9037037037037037,10,23,0.43478260869565216
12,29,false,1.0,8,18,0.4444444444444444
12,30,true,0.8,3,10,0.3
12,31,false,0.8666666666666667,0,9,0.0
12,32,false,1.0,0,14,0.0
12,33,false,0.8333333333333334,0,25,0.0
12,34,true,0.8,2,18,0.1111111111111111
12,35,true,0.8,7,23,0.30434782608695654
12,36,true,0.9111111111111111,8,5,1.6
12,37,false,1.0,7,11,0.6363636363636364
12,38,false,1.0,0,3,0.0
12,39,true,0.8814814814814815,25,25,1.0
12,40,false,1.0,0,72,0.0
12,41,false,0.7333333333333333,0,56,0.0
12,42,false,1.0,0,29,0.0
12,43,false,1.0,0,56,0.0
12,44,false,0.9,0,41,0.0
12,45,false,0.6777777777777778,0,50,0.0
12,46,false,1.0,0,32,0.0
12,47,false,1.0,0,25,0.0
12,48,false,1.0,0,37,0.0
12,49,false,1.0,0,52,0.0
12,50,false,1.0,0,36,0.0
12,51,false,1.0,0,46,0.0
12,52,false,0.9333333333333333,0,72,0.0
12,53,false,1.0,0,38,0.0
12,54,false,0.8,0,44,0.0
12,55,false,0.6222222222222222,0,25,0.0
12,56,false,1.0,0,50,0.0
12,57,false,0.6666666666666666,0,38,0.0
12,58,false,1.0,0,55,0.0
12,59,false,1.0,0,34,0.0
12,60,false,0.8333333333333334,1,40,0.025
12,61,false,0.9,0,44,0.0
12,62,false,0.8333333333333334,1,45,0.022222222222222223
12,63,false,0.9,1,62,0.016129032258064516
12,64,false,0.9333333333333333,0,65,0.0
12,65,false,0.9222222222222223,0,48,0.0
12,66,false,0.8222222222222222,1,33,0.030303030303030304
12,67,false,1.0,0,68,0.0
12,68,true,0.8148148148148148,8,46,0.17391304347826086
12,69,false,0.8925925925925926,0,41,0.0
12,70,false,0.9,2,52,0.038461538461538464
12,71,false,0.9333333333333333,0,44,0.0
12,72,false,0.8666666666666667,0,81,0.0
12,73,false,0.8666666666666667,0,50,0.0
12,74,false,0.7666666666666667,0,47,0.0
12,75,false,0.9111111111111111,0,53,0.0
12,76,false,0.8555555555555555,5,65,0.07692307692307693
12,77,false,0.8888888888888888,0,56,0.0
12,78,true,0.8666666666666667,6,29,0.20689655172413793
12,79,true,0.8481481481481481,10,75,0.13333333333333333
12,80,false,0.7666666666666667,0,82,0.0
12,81,false,0.9,0,104,0.0
12,82,false,0.7333333333333333,2,79,0.02531645569620253
12,83,false,0.7,0,80,0.0
12,84,false,0.7,1,71,0.014084507042253521
12,85,false,0.7888888888888889,2,92,0.021739130434782608
12,86,false,0.9111111111111111,1,111,0.009009009009009009
12,87,false,1.0,0,103,0.0
12,88,false,0.9518518518518518,0,103,0.0
12,89,false,0.9333333333333333,0,90,0.0
12,90,false,0.9,0,106,0.0
12,91,false,0.7333333333333333,1,78,0.01282051282051282
12,92,false,0.8333333333333334,0,75,0.0
12,93,false,0.7333333333333333,1,100,0.01
12,94,false,0.8,2,106,0.018867924528301886
12,95,true,0.8333333333333334,6,65,0.09230769230769231
12,96,false,0.9111111111111111,0,74,0.0
12,97,false,0.9333333333333333,2,70,0.02857142857142857
12,98,false,0.9481481481481482,0,91,0.0
12,99,true,0.7851851851851852,8,89,0.0898876404494382
13,0,false,0.9,0,58,0.0
13,1,false,0.8333333333333334,0,45,0.0
13,2,false,0.8,1,51,0.0196078431372549
13,3,false,0.9666666666666667,0,46,0.0
13,4,false,0.8666666666666667,0,47,0.0
13,5,false,0.8666666666666667,0,79,0.0
13,6,false,0.8888888888888888,0,72,0.0
13,7,false,1.0,0,60,0.0
13,8,false,1.0,0,73,0.0
13,9,false,1.0,0,67,0.0
13,10,false,0.8333333333333334,0,38,0.0
13,11,false,0.9333333333333333,0,60,0.0
13,12,false,0.7333333333333333,0,73,0.0
13,13,false,0.7,0,54,0.0
13,14,false,0.7,0,72,0.0
13,15,false,0.9222222222222223,0,43,0.0
13,16,false,0.8888888888888888,0,36,0.0
13,17,false,0.8777777777777778,0,49,0.0
13,18,false,0.9111111111111111,0,51,0.0
13,19,false,0.8962962962962963,0,60,0.0
13,20,false,1.0,0,79,0.0
13,21,false,1.0,0,75,0.0
13,22,false,1.0,0,89,0.0
13,23,false,1.0,0,100,0.0
13,24,false,1.0,0,95,0.0
13,25,false,1.0,0,86,0.0
13,26,false,1.0,0,112,0.0
13,27,false,0.8111111111111111,0,93,0.0
13,28,false,1.0,0,66,0.0
13,29,false,0.9555555555555556,0,101,0.0
13,30,false,1.0,0,97,0.0
13,31,false,0.8,0,90,0.0
13,32,false,0.9333333333333333,0,89,0.0
13,33,false,0.8333333333333334,0,64,0.0
13,34,false,1.0,0,107,0.0
13,35,false,1.0,0,96,0.0
13,36,false,1.0,0,84,0.0
13,37,false,0.9666666666666667,0,78,0.0
13,38,false,0.9592592592592593,0,92,0.0
13,39,false,1.0,0,92,0.0
13,40,false,0.9666666666666667,0,79,0.0
13,41,false,0.6666666666666666,1,61,0.01639344262295082
13,42,false,0.9,3,60,0.05
13,43,false,0.9333333333333333,0,69,0.0
13,44,false,0.9,0,48,0.0
13,45,false,0.6666666666666666,0,63,0.0
13,46,false,0.9666666666666667,0,77,0.0
13,47,false,0.8777777777777778,1,64,0.015625
13,48,false,0.9740740740740741,0,84,0.0
13,49,false,0.9444444444444444,0,59,0.0
13,50,false,0.9666666666666667,0,53,0.0
13,51,false,1.0,0,53,0.0
13,52,false,0.8,1,79,0.012658227848101266
13,53,false,0.9333333333333333,0,53,0.0
13,54,false,0.7333333333333333,0,61,0.0
13,55,false,0.6,0,76,0.0
13,56,false,0.9444444444444444,1,57,0.017543859649122806
13,57,false,0.6666666666666666,0,73,0.0
13,58,false,0.9555555555555556,0,62,0.0
13,59,false,0.9518518518518518,0,87,0.0
13,60,false,0.8,2,49,0.04081632653061224
13,61,false,0.9,0,45,0.0
13,62,false,0.7333333333333333,2,44,0.045454545454545456
13,63,false,0.8333333333333334,2,27,0.07407407407407407
13,64,false,0.8333333333333334,1,52,0.019230769230769232
13,65,true,0.8444444444444444,4,41,0.0975609756097561
13,66,false,0.8111111111111111,4,56,0.07142857142857142
13,67,true,0.9333333333333333,4,33,0.12121212121212122
13,68,false,1.0,0,43,0.0
13,69,true,0.8481481481481481,15,48,0.3125
13,70,true,0.8666666666666667,3,37,0.08108108108108109
13,71,false,0.9,1,45,0.022222222222222223
13,72,true,0.8,3,40,0.075
13,73,false,0.8333333333333334,2,39,0.05128205128205128
13,74,false,0.6333333333333333,3,42,0.07142857142857142
13,75,false,0.8777777777777778,1,36,0.027777777777777776
13,76,true,0.8333333333333334,10,42,0.23809523809523808
13,77,true,0.8333333333333334,6,37,0.16216216216216217
13,78,false,1.0,5,60,0.08333333333333333
13,79,false,1.0,3,34,0.08823529411764706
13,80,false,0.7,1,15,0.06666666666666667
13,81,true,0.8,2,15,0.13333333333333333
13,82,true,0.6666666666666666,5,10,0.5
13,83,false,0.7,0,9,0.0
13,84,false,0.7,1,18,0.05555555555555555
13,85,true,0.7333333333333333,10,5,2.0
13,86,true,0.8888888888888888,4,22,0.18181818181818182
13,87,true,0.9444444444444444,8,14,0.5714285714285714
13,88,false,0.9037037037037037,1,14,0.07142857142857142
13,89,true,0.8888888888888888,24,11,2.1818181818181817
13,90,false,0.8666666666666667,0,17,0.0
13,91,true,0.7,3,11,0.2727272727272727
13,92,true,0.7666666666666667,2,14,0.14285714285714285
13,93,true,0.7,3,21,0.14285714285714285
13,94,true,0.8,4,17,0.23529411764705882
13,95,false,1.0,4,24,0.16666666666666666
13,96,true,0.8333333333333334,3,15,0.2
13,97,true,0.8666666666666667,9,21,0.42857142857142855
13,98,true,0.8962962962962963,12,4,3.0
13,99,false,1.0,0,2,0.0
14,0,false,0.8,0,77,0.0
14,1,false,0.8,1,62,0.016129032258064516
14,2,false,0.7,2,56,0.03571428571428571
14,3,false,0.9,0,55,0.0
14,4,false,0.8,1,58,0.017241379310344827
14,5,false,0.8111111111111111,0,52,0.0
14,6,false,0.8666666666666667,4,47,0.0851063829787234
14,7,false,0.9666666666666667,0,69,0.0
14,8,false,0.9333333333333333,0,54,0.0
14,9,false,0.9296296296296296,0,66,0.0
14,10,false,0.7666666666666667,2,49,0.04081632653061224
14,11,false,0.8666666666666667,2,57,0.03508771929824561
14,12,false,0.7,1,50,0.02
14,13,false,0.6333333333333333,1,77,0.012987012987012988
14,14,false,0.6333333333333333,0,63,0.0
14,15,false,0.8333333333333334,3,66,0.045454545454545456
14,16,false,0.8333333333333334,3,59,0.05084745762711865
14,17,false,0.8555555555555555,0,70,0.0
14,18,false,0.8703703703703703,6,74,0.08108108108108109
14,19,false,0.8481481481481481,2,59,0.03389830508474576
14,20,false,0.9666666666666667,0,42,0.0
14,21,false,0.9666666666666667,0,38,0.0
14,22,false,0.9333333333333333,0,52,0.0
14,23,false,0.9,0,63,0.0
14,24,false,0.9666666666666667,0,58,0.0
14,25,false,0.9777777777777777,0,49,0.0
14,26,false,0.8777777777777778,5,75,0.06666666666666667
14,27,false,0.7777777777777778,0,56,0.0
14,28,false,0.9333333333333333,1,29,0.034482758620689655
14,29,true,0.8888888888888888,10,64,0.15625
14,30,false,0.9333333333333333,0,60,0.0
14,31,false,0.8,0,53,0.0
14,32,false,0.8333333333333334,0,52,0.0
14,33,false,0.7,0,27,0.0
14,34,false,0.9666666666666667,0,70,0.0
14,35,false,0.9444444444444444,0,59,0.0
14,36,false,0.9666666666666667,0,47,0.0
14,37,false,0.9333333333333333,2,41,0.04878048780487805
14,38,false,0.9148148148148149,5,55,0.09090909090909091
14,39,false,0.9592592592592593,2,55,0.03636363636363636
14,40,false,0.9,0,56,0.0
14,41,false,0.6333333333333333,3,38,0.07894736842105263
14,42,true,0.8333333333333334,5,23,0.21739130434782608
14,43,false,0.8333333333333334,2,40,0.05
14,44,false,0.8666666666666667,1,25,0.04
14,45,false,0.6666666666666666,0,34,0.0
14,46,false,0.9,2,40,0.05
14,47,true,0.8444444444444444,4,27,0.14814814814814814
14,48,true,0.9111111111111111,11,47,0.23404255319148937
14,49,true,0.8666666666666667,14,36,0.3888888888888889
14,50,false,0.9333333333333333,0,16,0.0
14,51,false,0.9333333333333333,0,30,0.0
14,52,false,0.8,2,56,0.03571428571428571
14,53,false,0.9333333333333333,0,22,0.0
14,54,false,0.6333333333333333,2,28,0.07142857142857142
14,55,false,0.5666666666666667,0,39,0.0
14,56,true,0.8777777777777778,6,34,0.17647058823529413
14,57,false,0.6666666666666666,0,36,0.0
14,58,true,0.9037037037037037,10,39,0.2564102564102564
14,59,true,0.8814814814814815,13,50,0.26
14,60,true,0.7333333333333333,3,12,0.25
14,61,false,0.8333333333333334,1,10,0.1
14,62,true,0.6666666666666666,6,7,0.8571428571428571
14,63,true,0.8,4,10,0.4
14,64,true,0.6666666666666666,6,29,0.20689655172413793
14,65,false,1.0,0,20,0.0
14,66,true,0.7444444444444445,7,19,0.3684210526315789
14,67,false,1.0,3,16,0.1875
14,68,true,0.9333333333333333,15,24,0.625
14,69,false,1.0,0,11,0.0
14,70,false,1.0,1,4,0.25
14,71,true,0.9,1,8,0.125
14,72,false,1.0,0,29,0.0
14,73,true,0.8,2,4,0.5
14,74,true,0.6333333333333333,3,13,0.23076923076923078
14,75,true,0.8,4,9,0.4444444444444444
14,76,false,1.0,3,19,0.15789473684210525
14,77,false,1.0,0,14,0.0
14,78,true,0.9407407407407408,13,23,0.5652173913043478
14,79,true,0.937037037037037,14,23,0.6086956521739131
14,80,false,0.6666666666666666,0,38,0.0
14,81,false,1.0,0,52,0.0
14,82,false,1.0,0,27,0.0
14,83,false,0.6333333333333333,0,28,0.0
14,84,false,0.6333333333333333,0,21,0.0
14,85,false,1.0,0,40,0.0
14,86,false,1.0,0,59,0.0
14,87,false,1.0,0,51,0.0
14,88,false,0.8444444444444444,0,51,0.0
14,89,false,1.0,0,38,0.0
14,90,false,0.7666666666666667,0,54,0.0
14,91,false,1.0,0,26,0.0
14,92,false,1.0,0,33,0.0
14,93,false,1.0,0,48,0.0
14,94,false,1.0,0,54,0.0
14,95,false,0.9555555555555556,0,21,0.0
14,96,false,1.0,0,36,0.0
14,97,false,1.0,0,44,0.0
14,98,false,1.0,0,39,0.0
14,99,false,0.9407407407407408,0,37,0.0
15,0,true,0.7666666666666667,3,15,0.2
15,1,true,0.7333333333333333,4,10,0.4
15,2,true,0.6666666666666666,7,6,1.1666666666666667
15,3,false,0.9,0,9,0.0
15,4,true,0.8,2,8,0.25
15,5,true,0.7777777777777778,4,24,0.16666666666666666
15,6,true,0.8444444444444444,11,17,0.6470588235294118
15,7,true,0.9111111111111111,5,7,0.7142857142857143
15,8,true,0.8666666666666667,39,18,2.1666666666666665
15,9,true,0.8814814814814815,27,12,2.25
15,10,true,0.7666666666666667,4,17,0.23529411764705882
15,11,true,0.7666666666666667,6,5,1.2
15,12,true,0.6666666666666666,4,18,0.2222222222222222
15,13,false,0.6333333333333333,2,15,0.13333333333333333
15,14,true,0.6,3,17,0.17647058823529413
15,15,true,0.8111111111111111,9,12,0.75
15,16,true,0.7666666666666667,13,27,0.48148148148148145
15,17,true,0.8111111111111111,7,8,0.875
15,18,true,0.8185185185185185,33,12,2.75
15,19,true,0.8,22,5,4.4
15,20,false,0.9666666666666667,0,52,0.0
15,21,false,0.9666666666666667,0,46,0.0
15,22,false,0.9,0,64,0.0
15,23,false,0.8666666666666667,0,63,0.0
15,24,false,0.9,0,40,0.0
15,25,false,0.9,0,55,0.0
15,26,false,0.8222222222222222,2,57,0.03508771929824561
15,27,false,0.7666666666666667,0,38,0.0
15,28,false,0.8666666666666667,0,41,0.0
15,29,false,1.0,0,64,0.0
15,30,false,0.8,0,56,0.0
15,31,false,0.7666666666666667,0,37,0.0
15,32,false,0.8,0,60,0.0
15,33,false,0.6,0,43,0.0
15,34,false,0.9333333333333333,0,58,0.0
15,35,false,0.8888888888888888,0,41,0.0
15,36,false,0.9111111111111111,0,47,0.0
15,37,false,0.9,0,45,0.0
15,38,false,0.8407407407407408,0,49,0.0
15,39,false,0.9296296296296296,0,37,0.0
15,40,false,0.8666666666666667,0,118,0.0
15,41,false,0.5666666666666667,2,100,0.02
15,42,false,1.0,0,73,0.0
15,43,false,0.7666666666666667,1,102,0.00980392156862745
15,44,false,0.7666666666666667,0,87,0.0
15,45,false,0.6555555555555556,0,96,0.0
15,46,false,0.8555555555555555,1,78,0.01282051282051282
15,47,false,1.0,0,71,0.0
15,48,false,1.0,0,83,0.0
15,49,false,1.0,0,98,0.0
15,50,false,0.8333333333333334,0,78,0.0
15,51,false,0.9333333333333333,0,92,0.0
15,52,false,0.7333333333333333,1,118,0.00847457627118644
15,53,false,0.8666666666666667,0,84,0.0
15,54,false,0.6,1,90,0.011111111111111112
15,55,false,0.5666666666666667,0,71,0.0
15,56,false,1.0,0,96,0.0
15,57,false,0.6222222222222222,0,84,0.0
15,58,false,1.0,0,101,0.0
15,59,false,1.0,0,80,0.0
15,60,false,1.0,0,50,0.0
15,61,false,0.8333333333333334,1,72,0.013888888888888888
15,62,false,1.0,0,57,0.0
15,63,false,1.0,0,56,0.0
15,64,false,1.0,0,91,0.0
15,65,false,0.9888888888888889,0,42,0.0
15,66,false,1.0,0,51,0.0
15,67,false,0.9555555555555556,3,72,0.041666666666666664
15,68,false,1.0,0,38,0.0
15,69,false,0.9666666666666667,0,55,0.0
15,70,false,0.9333333333333333,0,66,0.0
15,71,false,1.0,0,64,0.0
15,72,false,0.9666666666666667,0,79,0.0
15,73,false,1.0,0,66,0.0
15,74,false,1.0,0,49,0.0
15,75,false,1.0,0,53,0.0
15,76,false,0.9111111111111111,6,81,0.07407407407407407
15,77,false,0.9666666666666667,0,76,0.0
15,78,false,1.0,0,57,0.0
15,79,false,1.0,0,73,0.0
15,80,false,0.6333333333333333,2,48,0.041666666666666664
15,81,false,0.9333333333333333,0,70,0.0
15,82,false,0.9666666666666667,0,45,0.0
15,83,false,0.6,2,46,0.043478260869565216
15,84,false,0.6,2,41,0.04878048780487805
15,85,false,0.9555555555555556,1,58,0.017241379310344827
15,86,false,0.9555555555555556,0,77,0.0
15,87,false,0.9222222222222223,10,69,0.14492753623188406
15,88,true,0.8,17,69,0.2463768115942029
15,89,false,0.9333333333333333,5,56,0.08928571428571429
15,90,false,0.6333333333333333,5,72,0.06944444444444445
15,91,false,1.0,0,44,0.0
15,92,false,0.9,2,41,0.04878048780487805
15,93,false,1.0,0,66,0.0
15,94,false,0.9666666666666667,0,72,0.0
15,95,false,0.9,6,41,0.14634146341463414
15,96,false,0.9777777777777777,0,40,0.0
15,97,false,0.9777777777777777,0,36,0.0
15,98,false,0.9518518518518518,0,57,0.0
15,99,true,0.8925925925925926,13,55,0.23636363636363636
16,0,false,1.0,0,105,0.0
16,1,false,1.0,0,90,0.0
16,2,false,1.0,0,84,0.0
16,3,false,0.8666666666666667,0,83,0.0
16,4,false,1.0,0,86,0.0
16,5,false,1.0,0,80,0.0
16,6,false,1.0,0,75,0.0
16,7,false,1.0,0,97,0.0
16,8,false,1.0,0,82,0.0
16,9,false,1.0,0,94,0.0
16,10,false,1.0,0,77,0.0
16,11,false,1.0,0,85,0.0
16,12,false,1.0,0,78,0.0
16,13,false,0.6,1,105,0.009523809523809525
16,14,false,1.0,0,91,0.0
16,15,false,1.0,0,94,0.0
16,16,false,1.0,0,87,0.0
16,17,false,1.0,0,98,0.0
16,18,false,1.0,0,102,0.0
16,19,false,1.0,0,87,0.0
16,20,false,0.9333333333333333,0,38,0.0
16,21,false,0.9,0,44,0.0
16,22,false,0.8333333333333334,2,30,0.06666666666666667
16,23,false,0.8666666666666667,0,41,0.0
16,24,false,0.8333333333333334,2,68,0.029411764705882353
16,25,true,0.8555555555555555,6,35,0.17142857142857143
16,26,true,0.8111111111111111,10,53,0.18867924528301888
16,27,false,0.7444444444444445,0,56,0.0
16,28,true,0.8037037037037037,22,49,0.4489795918367347
16,29,true,0.9518518518518518,19,42,0.4523809523809524
16,30,false,0.7333333333333333,3,38,0.07894736842105263
16,31,false,0.7,1,53,0.018867924528301886
16,32,false,0.8,1,30,0.03333333333333333
16,33,false,0.6,3,47,0.06382978723404255
16,34,false,0.9,1,48,0.020833333333333332
16,35,false,0.8444444444444444,5,67,0.07462686567164178
16,36,true,0.8444444444444444,8,43,0.18604651162790697
16,37,false,0.9,0,45,0.0
16,38,true,0.7888888888888889,28,41,0.6829268292682927
16,39,true,0.8740740740740741,18,69,0.2608695652173913
16,40,false,0.8666666666666667,1,28,0.03571428571428571
16,41,true,0.5666666666666667,5,26,0.19230769230769232
16,42,true,0.8333333333333334,2,17,0.11764705882352941
16,43,true,0.7666666666666667,4,12,0.3333333333333333
16,44,true,0.7,4,11,0.36363636363636365
16,45,false,0.6333333333333333,0,6,0.0
16,46,true,0.8222222222222222,8,18,0.4444444444444444
16,47,false,0.9555555555555556,2,19,0.10526315789473684
16,48,true,0.9592592592592593,4,25,0.16
16,49,true,0.9592592592592593,15,10,1.5
16,50,true,0.8333333333333334,2,12,0.16666666666666666
16,51,false,0.9333333333333333,0,16,0.0
16,52,true,0.7,4,28,0.14285714285714285
16,53,true,0.7666666666666667,3,6,0.5
16,54,true,0.6,3,2,1.5
16,55,false,0.5,2,19,0.10526315789473684
16,56,false,0.9777777777777777,2,18,0.1111111111111111
16,57,false,0.6111111111111112,0,14,0.0
16,58,true,0.9481481481481482,10,13,0.7692307692307693
16,59,true,0.9481481481481482,9,28,0.32142857142857145
16,60,false,0.9666666666666667,0,40,0.0
16,61,false,0.7666666666666667,0,18,0.0
16,62,false,0.9333333333333333,0,33,0.0
16,63,false,0.8333333333333334,0,34,0.0
16,64,false,0.9,1,35,0.02857142857142857
16,65,false,0.9555555555555556,0,48,0.0
16,66,false,0.9555555555555556,0,39,0.0
16,67,false,0.9222222222222223,0,38,0.0
16,68,false,0.9481481481481482,0,52,0.0
16,69,false,0.9296296296296296,0,35,0.0
16,70,false,0.9333333333333333,0,24,0.0
16,71,false,0.8666666666666667,0,26,0.0
16,72,false,0.9,0,51,0.0
16,73,false,1.0,0,24,0.0
16,74,false,1.0,0,41,0.0
16,75,false,0.9555555555555556,0,37,0.0
16,76,false,0.8777777777777778,1,35,0.02857142857142857
16,77,false,0.9111111111111111,0,26,0.0
16,78,false,0.937037037037037,0,33,0.0
16,79,false,0.9444444444444444,0,45,0.0
16,80,false,0.5333333333333333,1,66,0.015151515151515152
16,81,false,0.9333333333333333,0,74,0.0
16,82,false,0.9,0,49,0.0
16,83,false,0.6,0,50,0.0
16,84,false,0.5666666666666667,0,49,0.0
16,85,false,0.9222222222222223,0,62,0.0
16,86,false,0.8555555555555555,0,81,0.0
16,87,false,0.9111111111111111,3,73,0.0410958904109589
16,88,false,1.0,0,73,0.0
16,89,false,0.8777777777777778,0,62,0.0
16,90,false,0.5666666666666667,2,76,0.02631578947368421
16,91,false,1.0,0,48,0.0
16,92,false,0.8666666666666667,2,61,0.03278688524590164
16,93,false,1.0,0,70,0.0
16,94,false,0.9333333333333333,0,76,0.0
16,95,false,0.8555555555555555,2,49,0.04081632653061224
16,96,false,0.9555555555555556,0,64,0.0
16,97,false,0.9,0,72,0.0
16,98,false,0.8925925925925926,0,61,0.0
16,99,false,1.0,0,59,0.0
17,0,false,0.9666666666666667,0,61,0.0
17,1,false,0.9333333333333333,0,46,0.0
17,2,false,0.9333333333333333,2,40,0.05
17,3,false,0.7333333333333333,2,43,0.046511627906976744
17,4,false,0.9333333333333333,1,42,0.023809523809523808
17,5,false,0.9555555555555556,0,36,0.0
17,6,true,0.8666666666666667,9,31,0.2903225806451613
17,7,false,0.9666666666666667,0,53,0.0
17,8,true,0.9407407407407408,13,38,0.34210526315789475
17,9,true,0.9444444444444444,7,50,0.14
17,10,false,0.8666666666666667,2,51,0.0392156862745098
17,11,false,0.9666666666666667,0,41,0.0
17,12,false,1.0,0,34,0.0
17,13,false,0.5666666666666667,2,61,0.03278688524590164
17,14,false,1.0,0,47,0.0
17,15,false,0.9777777777777777,0,50,0.0
17,16,false,0.9666666666666667,2,61,0.03278688524590164
17,17,false,0.9666666666666667,0,54,0.0
17,18,true,0.9185185185185185,9,58,0.15517241379310345
17,19,true,0.9407407407407408,4,43,0.09302325581395349
17,20,false,0.8666666666666667,0,10,0.0
17,21,false,0.8666666666666667,0,14,0.0
17,22,true,0.8,3,18,0.16666666666666666
17,23,false,0.8333333333333334,0,17,0.0
17,24,true,0.8333333333333334,2,24,0.08333333333333333
17,25,false,1.0,0,9,0.0
17,26,false,1.0,3,23,0.13043478260869565
17,27,false,0.7333333333333333,0,12,0.0
17,28,false,1.0,7,23,0.30434782608695654
17,29,false,1.0,13,18,0.7222222222222222
17,30,true,0.6666666666666666,5,10,0.5
17,31,true,0.6666666666666666,2,9,0.2222222222222222
17,32,true,0.7333333333333333,2,14,0.14285714285714285
17,33,true,0.6,3,25,0.12
17,34,true,0.8666666666666667,1,18,0.05555555555555555
17,35,true,0.7888888888888889,11,23,0.4782608695652174
17,36,false,1.0,2,5,0.4
17,37,false,0.8888888888888888,0,11,0.0
17,38,false,1.0,8,3,2.6666666666666665
17,39,false,1.0,3,25,0.12
17,40,false,0.8666666666666667,0,72,0.0
17,41,false,1.0,0,56,0.0
17,42,false,1.0,0,29,0.0
17,43,false,1.0,0,56,0.0
17,44,false,1.0,0,41,0.0
17,45,false,0.5888888888888889,0,50,0.0
17,46,false,1.0,0,32,0.0
17,47,false,0.9111111111111111,0,25,0.0
17,48,false,1.0,0,37,0.0
17,49,false,1.0,0,52,0.0
17,50,false,1.0,0,36,0.0
17,51,false,0.9333333333333333,0,46,0.0
17,52,false,1.0,0,72,0.0
17,53,false,1.0,0,38,0.0
17,54,false,1.0,0,44,0.0
17,55,false,0.4111111111111111,0,25,0.0
17,56,false,0.9555555555555556,0,50,0.0
17,57,false,0.6,0,38,0.0
17,58,false,1.0,0,55,0.0
17,59,false,1.0,0,34,0.0
17,60,false,0.9666666666666667,0,40,0.0
17,61,false,0.7333333333333333,1,44,0.022727272727272728
17,62,false,0.9,0,45,0.0
17,63,false,0.8,1,62,0.016129032258064516
17,64,false,0.8,1,65,0.015384615384615385
17,65,false,0.9333333333333333,0,48,0.0
17,66,false,0.8777777777777778,1,33,0.030303030303030304
17,67,false,0.8777777777777778,3,68,0.04411764705882353
17,68,false,0.8777777777777778,0,46,0.0
17,69,true,0.8592592592592593,5,41,0.12195121951219512
17,70,false,0.9,1,52,0.019230769230769232
17,71,false,0.8,1,44,0.022727272727272728
17,72,false,0.8,0,81,0.0
17,73,false,0.8666666666666667,0,50,0.0
17,74,false,0.9666666666666667,0,47,0.0
17,75,false,0.9333333333333333,0,53,0.0
17,76,true,0.8222222222222222,7,65,0.1076923076923077
17,77,false,0.8777777777777778,0,56,0.0
17,78,false,0.9037037037037037,0,29,0.0
17,79,true,0.8962962962962963,5,75,0.06666666666666667
17,80,false,0.5,1,82,0.012195121951219513
17,81,false,0.9,0,104,0.0
17,82,false,0.8333333333333334,0,79,0.0
17,83,false,0.6,1,80,0.0125
17,84,false,0.5666666666666667,2,71,0.028169014084507043
17,85,false,0.8888888888888888,3,92,0.03260869565217391
17,86,false,0.7888888888888889,5,111,0.04504504504504504
17,87,true,0.8555555555555555,8,103,0.07766990291262135
17,88,false,0.9518518518518518,0,103,0.0
17,89,true,0.825925925925926,13,90,0.14444444444444443
17,90,false,0.43333333333333335,4,106,0.03773584905660377
17,91,false,0.9666666666666667,0,78,0.0
17,92,false,0.8666666666666667,2,75,0.02666666666666667
17,93,false,0.9666666666666667,0,100,0.0
17,94,false,0.9,0,106,0.0
17,95,true,0.8333333333333334,7,65,0.1076923076923077
17,96,false,0.9,3,74,0.04054054054054054
17,97,false,0.8555555555555555,1,70,0.014285714285714285
17,98,true,0.8407407407407408,15,91,0.16483516483516483
17,99,false,0.9444444444444444,0,89,0.0
18,0,false,0.9666666666666667,0,58,0.0
18,1,false,0.9,0,45,0.0
18,2,false,0.9,0,51,0.0
18,3,false,0.7333333333333333,0,46,0.0
18,4,false,0.9333333333333333,0,47,0.0
18,5,false,0.9111111111111111,0,79,0.0
18,6,false,1.0,0,72,0.0
18,7,false,0.9444444444444444,0,60,0.0
18,8,false,1.0,0,73,0.0
18,9,false,1.0,0,67,0.0
18,10,false,0.8,0,38,0.0
18,11,false,0.9333333333333333,0,60,0.0
18,12,false,0.9333333333333333,0,73,0.0
18,13,false,0.5666666666666667,0,54,0.0
18,14,false,0.9666666666666667,0,72,0.0
18,15,false,0.9111111111111111,0,43,0.0
18,16,false,0.9444444444444444,0,36,0.0
18,17,false,0.9,0,49,0.0
18,18,false,1.0,0,51,0.0
18,19,false,1.0,0,60,0.0
18,20,false,0.7666666666666667,0,79,0.0
18,21,false,0.7666666666666667,1,75,0.013333333333333334
18,22,false,1.0,0,89,0.0
18,23,false,0.8,0,100,0.0
18,24,false,1.0,0,95,0.0
18,25,false,0.9666666666666667,0,86,0.0
18,26,false,0.9555555555555556,0,112,0.0
18,27,false,0.7222222222222222,0,93,0.0
18,28,false,0.9740740740740741,0,66,0.0
18,29,false,0.9444444444444444,0,101,0.0
18,30,false,1.0,0,97,0.0
18,31,false,1.0,0,90,0.0
18,32,false,1.0,0,89,0.0
18,33,false,1.0,0,64,0.0
18,34,false,1.0,0,107,0.0
18,35,false,1.0,0,96,0.0
18,36,false,0.9333333333333333,0,84,0.0
18,37,false,0.8666666666666667,0,78,0.0
18,38,false,0.9407407407407408,0,92,0.0
18,39,false,0.9555555555555556,0,92,0.0
18,40,false,0.8,1,79,0.012658227848101266
18,41,false,0.9333333333333333,0,61,0.0
18,42,false,0.9666666666666667,0,60,0.0
18,43,false,1.0,0,69,0.0
18,44,false,0.9666666666666667,0,48,0.0
18,45,false,0.5888888888888889,0,63,0.0
18,46,false,0.9555555555555556,0,77,0.0
18,47,false,0.8555555555555555,1,64,0.015625
18,48,false,0.9481481481481482,6,84,0.07142857142857142
18,49,false,0.9518518518518518,3,59,0.05084745762711865
18,50,false,0.9333333333333333,0,53,0.0
18,51,false,0.8333333333333334,0,53,0.0
18,52,false,0.9333333333333333,0,79,0.0
18,53,false,1.0,0,53,0.0
18,54,false,0.9,0,61,0.0
18,55,false,0.4,4,76,0.05263157894736842
18,56,false,0.9333333333333333,0,57,0.0
18,57,false,0.5888888888888889,0,73,0.0
18,58,false,0.9555555555555556,0,62,0.0
18,59,false,0.9444444444444444,0,87,0.0
18,60,false,0.9,1,49,0.02040816326530612
18,61,true,0.5666666666666667,4,45,0.08888888888888889
18,62,false,0.8666666666666667,0,44,0.0
18,63,false,0.7666666666666667,2,27,0.07407407407407407
18,64,true,0.7333333333333333,4,52,0.07692307692307693
18,65,false,0.9111111111111111,3,41,0.07317073170731707
18,66,true,0.8222222222222222,9,56,0.16071428571428573
18,67,true,0.8444444444444444,10,33,0.30303030303030304
18,68,true,0.8185185185185185,21,43,0.4883720930232558
18,69,false,1.0,0,48,0.0
18,70,false,0.8666666666666667,1,37,0.02702702702702703
18,71,false,0.8,2,45,0.044444444444444446
18,72,false,0.7666666666666667,2,40,0.05
18,73,false,0.8666666666666667,0,39,0.0
18,74,false,0.9666666666666667,0,42,0.0
18,75,false,0.8777777777777778,2,36,0.05555555555555555
18,76,false,1.0,5,42,0.11904761904761904
18,77,true,0.8222222222222222,3,37,0.08108108108108109
18,78,true,0.8555555555555555,14,60,0.23333333333333334
18,79,false,1.0,0,34,0.0
18,80,true,0.43333333333333335,4,15,0.26666666666666666
18,81,true,0.8666666666666667,2,15,0.13333333333333333
18,82,true,0.8333333333333334,1,10,0.1
18,83,true,0.43333333333333335,3,9,0.3333333333333333
18,84,true,0.5666666666666667,3,18,0.16666666666666666
18,85,true,0.8666666666666667,8,5,1.6
18,86,true,0.7555555555555555,8,22,0.36363636363636365
18,87,false,1.0,5,14,0.35714285714285715
18,88,true,0.9,14,14,1.0
18,89,false,1.0,5,11,0.45454545454545453
18,90,true,0.4,7,17,0.4117647058823529
18,91,false,0.9666666666666667,0,11,0.0
18,92,true,0.8333333333333334,4,14,0.2857142857142857
18,93,false,0.9666666666666667,0,21,0.0
18,94,false,0.9,0,17,0.0
18,95,false,1.0,2,24,0.08333333333333333
18,96,true,0.8444444444444444,9,15,0.6
18,97,true,0.8333333333333334,5,21,0.23809523809523808
18,98,false,1.0,5,4,1.25
18,99,true,0.8777777777777778,24,2,12.0
